{"0880122":[{"prefecture":"北海道","city":"釧路市","area":"音別町あけぼの"}],"0880117":[{"prefecture":"北海道","city":"釧路市","area":"音別町朝日"}],"0880104":[{"prefecture":"北海道","city":"釧路市","area":"音別町音別原野基線（二俣）"}],"0880108":[{"prefecture":"北海道","city":"釧路市","area":"音別町音別原野基線（二俣川向）"}],"0880126":[{"prefecture":"北海道","city":"釧路市","area":"音別町音別原野西（川西）"}],"0880109":[{"prefecture":"北海道","city":"釧路市","area":"音別町音別原野東"}],"0880114":[{"prefecture":"北海道","city":"釧路市","area":"音別町海光"}],"0880123":[{"prefecture":"北海道","city":"釧路市","area":"音別町川東"}],"0880134":[{"prefecture":"北海道","city":"釧路市","area":"音別町キナシ別"}],"0880125":[{"prefecture":"北海道","city":"釧路市","area":"音別町共栄"}],"0880133":[{"prefecture":"北海道","city":"釧路市","area":"音別町尺別"}],"0880132":[{"prefecture":"北海道","city":"釧路市","area":"音別町尺別（岐線）"}],"0880107":[{"prefecture":"北海道","city":"釧路市","area":"音別町チヤンベツ"}],"0880135":[{"prefecture":"北海道","city":"釧路市","area":"音別町直別"}],"0880102":[{"prefecture":"北海道","city":"釧路市","area":"音別町中音別（光和）"}],"0880112":[{"prefecture":"北海道","city":"釧路市","area":"音別町中音別（チノミ台）"}],"0880103":[{"prefecture":"北海道","city":"釧路市","area":"音別町中音別（北栄）"}],"0880118":[{"prefecture":"北海道","city":"釧路市","area":"音別町中音別（その他）"}],"0880116":[{"prefecture":"北海道","city":"釧路市","area":"音別町中園"}],"0880106":[{"prefecture":"北海道","city":"釧路市","area":"音別町ヌプキベツ"}],"0880131":[{"prefecture":"北海道","city":"釧路市","area":"音別町ノトロ"}],"0880101":[{"prefecture":"北海道","city":"釧路市","area":"音別町馬主来"}],"0880111":[{"prefecture":"北海道","city":"釧路市","area":"音別町パシクル湖畔"}],"0880113":[{"prefecture":"北海道","city":"釧路市","area":"音別町風連"}],"0880124":[{"prefecture":"北海道","city":"釧路市","area":"音別町緑町"}],"0880105":[{"prefecture":"北海道","city":"釧路市","area":"音別町ムリ"}],"0880115":[{"prefecture":"北海道","city":"釧路市","area":"音別町本町"}],"0880121":[{"prefecture":"北海道","city":"釧路市","area":"音別町若草"}],"0881782":[{"prefecture":"北海道","city":"根室市","area":"落石東"}],"0881781":[{"prefecture":"北海道","city":"根室市","area":"落石西"}],"0881784":[{"prefecture":"北海道","city":"根室市","area":"昆布盛"}],"0881785":[{"prefecture":"北海道","city":"根室市","area":"長節"}],"0881783":[{"prefecture":"北海道","city":"根室市","area":"浜松"}],"0880181":[{"prefecture":"北海道","city":"十勝郡浦幌町","area":"直別"}],"0880600":[{"prefecture":"北海道","city":"釧路郡釧路町","area":""}],"0880616":[{"prefecture":"北海道","city":"釧路郡釧路町","area":"曙"}],"0882154":[{"prefecture":"北海道","city":"釧路郡釧路町","area":"柏東"}],"0882155":[{"prefecture":"北海道","city":"釧路郡釧路町","area":"柏西"}],"0880626":[{"prefecture":"北海道","city":"釧路郡釧路町","area":"桂"}],"0880621":[{"prefecture":"北海道","city":"釧路郡釧路町","area":"桂木"}],"0882143":[{"prefecture":"北海道","city":"釧路郡釧路町","area":"河畔"}],"0880601":[{"prefecture":"北海道","city":"釧路郡釧路町","area":"上別保原野"}],"0880612":[{"prefecture":"北海道","city":"釧路郡釧路町","area":"雁来"}],"0880625":[{"prefecture":"北海道","city":"釧路郡釧路町","area":"北見団地"}],"0880622":[{"prefecture":"北海道","city":"釧路郡釧路町","area":"木場"}],"0880609":[{"prefecture":"北海道","city":"釧路郡釧路町","area":"共和"}],"0880623":[{"prefecture":"北海道","city":"釧路郡釧路町","area":"光和"}],"0880614":[{"prefecture":"北海道","city":"釧路郡釧路町","area":"国誉"}],"0880624":[{"prefecture":"北海道","city":"釧路郡釧路町","area":"新開"}],"0880833":[{"prefecture":"北海道","city":"釧路郡釧路町","area":"仙鳳趾村（老者舞）"}],"0880835":[{"prefecture":"北海道","city":"釧路郡釧路町","area":"仙鳳趾村（オタクパウシ）"}],"0880834":[{"prefecture":"北海道","city":"釧路郡釧路町","area":"仙鳳趾村（汐見）"}],"0880831":[{"prefecture":"北海道","city":"釧路郡釧路町","area":"仙鳳趾村（仙鳳趾）"}],"0880832":[{"prefecture":"北海道","city":"釧路郡釧路町","area":"仙鳳趾村（知方学）"}],"0880608":[{"prefecture":"北海道","city":"釧路郡釧路町","area":"釧望台"}],"0882141":[{"prefecture":"北海道","city":"釧路郡釧路町","area":"達古武"}],"0880606":[{"prefecture":"北海道","city":"釧路郡釧路町","area":"中央"}],"0880628":[{"prefecture":"北海道","city":"釧路郡釧路町","area":"東陽大通西"}],"0880627":[{"prefecture":"北海道","city":"釧路郡釧路町","area":"東陽西"}],"0882142":[{"prefecture":"北海道","city":"釧路郡釧路町","area":"遠野"}],"0882145":[{"prefecture":"北海道","city":"釧路郡釧路町","area":"遠矢"}],"0882156":[{"prefecture":"北海道","city":"釧路郡釧路町","area":"遠矢南"}],"0880607":[{"prefecture":"北海道","city":"釧路郡釧路町","area":"床丹"}],"0880618":[{"prefecture":"北海道","city":"釧路郡釧路町","area":"富原"}],"0880611":[{"prefecture":"北海道","city":"釧路郡釧路町","area":"豊美"}],"0882144":[{"prefecture":"北海道","city":"釧路郡釧路町","area":"鳥里"}],"0882148":[{"prefecture":"北海道","city":"釧路郡釧路町","area":"鳥通"}],"0882147":[{"prefecture":"北海道","city":"釧路郡釧路町","area":"鳥通東"}],"0882146":[{"prefecture":"北海道","city":"釧路郡釧路町","area":"鳥通西"}],"0882152":[{"prefecture":"北海道","city":"釧路郡釧路町","area":"南陽台"}],"0880604":[{"prefecture":"北海道","city":"釧路郡釧路町","area":"別保"}],"0880605":[{"prefecture":"北海道","city":"釧路郡釧路町","area":"別保原野"}],"0880602":[{"prefecture":"北海道","city":"釧路郡釧路町","area":"別保東"}],"0880603":[{"prefecture":"北海道","city":"釧路郡釧路町","area":"別保南"}],"0880617":[{"prefecture":"北海道","city":"釧路郡釧路町","area":"北都"}],"0882140":[{"prefecture":"北海道","city":"釧路郡釧路町","area":"細岡"}],"0882153":[{"prefecture":"北海道","city":"釧路郡釧路町","area":"緑"}],"0880615":[{"prefecture":"北海道","city":"釧路郡釧路町","area":"睦"}],"0882151":[{"prefecture":"北海道","city":"釧路郡釧路町","area":"よし野"}],"0880613":[{"prefecture":"北海道","city":"釧路郡釧路町","area":"若葉"}],"0882157":[{"prefecture":"北海道","city":"釧路郡釧路町","area":"わらび"}],"0881100":[{"prefecture":"北海道","city":"厚岸郡厚岸町","area":""}],"0881113":[{"prefecture":"北海道","city":"厚岸郡厚岸町","area":"愛冠"}],"0881112":[{"prefecture":"北海道","city":"厚岸郡厚岸町","area":"有明"}],"0881101":[{"prefecture":"北海道","city":"厚岸郡厚岸町","area":"糸魚沢"},{"prefecture":"北海道","city":"厚岸郡厚岸町","area":"神岩"},{"prefecture":"北海道","city":"厚岸郡厚岸町","area":"チライカリベツ"},{"prefecture":"北海道","city":"厚岸郡厚岸町","area":"別寒辺牛"},{"prefecture":"北海道","city":"厚岸郡厚岸町","area":"ホロニタイ"},{"prefecture":"北海道","city":"厚岸郡厚岸町","area":"若松"}],"0881131":[{"prefecture":"北海道","city":"厚岸郡厚岸町","area":"太田"}],"0881133":[{"prefecture":"北海道","city":"厚岸郡厚岸町","area":"太田宏陽"}],"0881132":[{"prefecture":"北海道","city":"厚岸郡厚岸町","area":"太田東"}],"0881134":[{"prefecture":"北海道","city":"厚岸郡厚岸町","area":"太田西"}],"0881130":[{"prefecture":"北海道","city":"厚岸郡厚岸町","area":"太田南"}],"0881135":[{"prefecture":"北海道","city":"厚岸郡厚岸町","area":"太田北"}],"0881141":[{"prefecture":"北海道","city":"厚岸郡厚岸町","area":"太田１の通り"}],"0881142":[{"prefecture":"北海道","city":"厚岸郡厚岸町","area":"太田２の通り"}],"0881143":[{"prefecture":"北海道","city":"厚岸郡厚岸町","area":"太田３の通り"}],"0881144":[{"prefecture":"北海道","city":"厚岸郡厚岸町","area":"太田４の通り"}],"0881145":[{"prefecture":"北海道","city":"厚岸郡厚岸町","area":"太田５の通り"}],"0881146":[{"prefecture":"北海道","city":"厚岸郡厚岸町","area":"太田６の通り"}],"0881147":[{"prefecture":"北海道","city":"厚岸郡厚岸町","area":"太田７の通り"}],"0881148":[{"prefecture":"北海道","city":"厚岸郡厚岸町","area":"太田８の通り"}],"0881149":[{"prefecture":"北海道","city":"厚岸郡厚岸町","area":"太田９の通り"}],"0881136":[{"prefecture":"北海道","city":"厚岸郡厚岸町","area":"大別"}],"0880876":[{"prefecture":"北海道","city":"厚岸郡厚岸町","area":"沖万別"}],"0881117":[{"prefecture":"北海道","city":"厚岸郡厚岸町","area":"御供"}],"0880873":[{"prefecture":"北海道","city":"厚岸郡厚岸町","area":"乙幌"}],"0880871":[{"prefecture":"北海道","city":"厚岸郡厚岸町","area":"尾幌"}],"0881137":[{"prefecture":"北海道","city":"厚岸郡厚岸町","area":"片無去"}],"0880771":[{"prefecture":"北海道","city":"厚岸郡厚岸町","area":"上尾幌"}],"0881129":[{"prefecture":"北海道","city":"厚岸郡厚岸町","area":"光栄"}],"0881103":[{"prefecture":"北海道","city":"厚岸郡厚岸町","area":"小島"}],"0881139":[{"prefecture":"北海道","city":"厚岸郡厚岸町","area":"サッテベツ"}],"0881140":[{"prefecture":"北海道","city":"厚岸郡厚岸町","area":"サンヌシ"}],"0881125":[{"prefecture":"北海道","city":"厚岸郡厚岸町","area":"白浜"}],"0881151":[{"prefecture":"北海道","city":"厚岸郡厚岸町","area":"真栄"}],"0881119":[{"prefecture":"北海道","city":"厚岸郡厚岸町","area":"住の江"}],"0881138":[{"prefecture":"北海道","city":"厚岸郡厚岸町","area":"セタニウシ"}],"0881104":[{"prefecture":"北海道","city":"厚岸郡厚岸町","area":"大黒島"}],"0881108":[{"prefecture":"北海道","city":"厚岸郡厚岸町","area":"筑紫恋"}],"0881106":[{"prefecture":"北海道","city":"厚岸郡厚岸町","area":"東梅"}],"0881102":[{"prefecture":"北海道","city":"厚岸郡厚岸町","area":"登喜岱"}],"0881107":[{"prefecture":"北海道","city":"厚岸郡厚岸町","area":"床潭"}],"0880875":[{"prefecture":"北海道","city":"厚岸郡厚岸町","area":"苫多"}],"0881389":[{"prefecture":"北海道","city":"厚岸郡厚岸町","area":"トライベツ"}],"0881115":[{"prefecture":"北海道","city":"厚岸郡厚岸町","area":"梅香"}],"0880877":[{"prefecture":"北海道","city":"厚岸郡厚岸町","area":"敏内"}],"0881111":[{"prefecture":"北海道","city":"厚岸郡厚岸町","area":"奔渡"}],"0881116":[{"prefecture":"北海道","city":"厚岸郡厚岸町","area":"松葉"}],"0881105":[{"prefecture":"北海道","city":"厚岸郡厚岸町","area":"末広"}],"0881128":[{"prefecture":"北海道","city":"厚岸郡厚岸町","area":"港町"}],"0881124":[{"prefecture":"北海道","city":"厚岸郡厚岸町","area":"宮園"}],"0880874":[{"prefecture":"北海道","city":"厚岸郡厚岸町","area":"門静（４丁目５５～１１４番地）"}],"0881126":[{"prefecture":"北海道","city":"厚岸郡厚岸町","area":"門静（その他）"}],"0881120":[{"prefecture":"北海道","city":"厚岸郡厚岸町","area":"山の手"}],"0880872":[{"prefecture":"北海道","city":"厚岸郡厚岸町","area":"来別"}],"0880878":[{"prefecture":"北海道","city":"厚岸郡厚岸町","area":"ルークシュポール"}],"0881118":[{"prefecture":"北海道","city":"厚岸郡厚岸町","area":"若竹"},{"prefecture":"北海道","city":"厚岸郡厚岸町","area":"若竹町"}],"0881114":[{"prefecture":"北海道","city":"厚岸郡厚岸町","area":"湾月"}],"0881500":[{"prefecture":"北海道","city":"厚岸郡浜中町","area":""}],"0881406":[{"prefecture":"北海道","city":"厚岸郡浜中町","area":"赤泊"},{"prefecture":"北海道","city":"厚岸郡浜中町","area":"羨古丹"}],"0881403":[{"prefecture":"北海道","city":"厚岸郡浜中町","area":"アザラップ"},{"prefecture":"北海道","city":"厚岸郡浜中町","area":"幌戸"}],"0881646":[{"prefecture":"北海道","city":"厚岸郡浜中町","area":"姉別（丁目）"}],"0881648":[{"prefecture":"北海道","city":"厚岸郡浜中町","area":"姉別北"}],"0881647":[{"prefecture":"北海道","city":"厚岸郡浜中町","area":"姉別南"}],"0881649":[{"prefecture":"北海道","city":"厚岸郡浜中町","area":"姉別緑栄"}],"0881301":[{"prefecture":"北海道","city":"厚岸郡浜中町","area":"一番沢"}],"0881644":[{"prefecture":"北海道","city":"厚岸郡浜中町","area":"恵茶人"}],"0881371":[{"prefecture":"北海道","city":"厚岸郡浜中町","area":"円朱別西"}],"0881408":[{"prefecture":"北海道","city":"厚岸郡浜中町","area":"大津屋沢"}],"0881561":[{"prefecture":"北海道","city":"厚岸郡浜中町","area":"霧多布湿原"}],"0881551":[{"prefecture":"北海道","city":"厚岸郡浜中町","area":"霧多布西一条"}],"0881552":[{"prefecture":"北海道","city":"厚岸郡浜中町","area":"霧多布西二条"}],"0881553":[{"prefecture":"北海道","city":"厚岸郡浜中町","area":"霧多布西三条"}],"0881554":[{"prefecture":"北海道","city":"厚岸郡浜中町","area":"霧多布西四条"}],"0881511":[{"prefecture":"北海道","city":"厚岸郡浜中町","area":"霧多布東一条"}],"0881512":[{"prefecture":"北海道","city":"厚岸郡浜中町","area":"霧多布東二条"}],"0881513":[{"prefecture":"北海道","city":"厚岸郡浜中町","area":"霧多布東三条"}],"0881514":[{"prefecture":"北海道","city":"厚岸郡浜中町","area":"霧多布東四条"}],"0881486":[{"prefecture":"北海道","city":"厚岸郡浜中町","area":"熊牛"}],"0881401":[{"prefecture":"北海道","city":"厚岸郡浜中町","area":"榊町"}],"0881407":[{"prefecture":"北海道","city":"厚岸郡浜中町","area":"榊町西"}],"0881303":[{"prefecture":"北海道","city":"厚岸郡浜中町","area":"三番沢"}],"0881402":[{"prefecture":"北海道","city":"厚岸郡浜中町","area":"後静"},{"prefecture":"北海道","city":"厚岸郡浜中町","area":"横浜"}],"0881412":[{"prefecture":"北海道","city":"厚岸郡浜中町","area":"後静村（熊牛原野）"}],"0881526":[{"prefecture":"北海道","city":"厚岸郡浜中町","area":"新川"}],"0881528":[{"prefecture":"北海道","city":"厚岸郡浜中町","area":"新川西"}],"0881527":[{"prefecture":"北海道","city":"厚岸郡浜中町","area":"新川東"}],"0881645":[{"prefecture":"北海道","city":"厚岸郡浜中町","area":"仙鳳趾"}],"0881367":[{"prefecture":"北海道","city":"厚岸郡浜中町","area":"茶内旭"}],"0881368":[{"prefecture":"北海道","city":"厚岸郡浜中町","area":"茶内基線"},{"prefecture":"北海道","city":"厚岸郡浜中町","area":"茶内東１線"},{"prefecture":"北海道","city":"厚岸郡浜中町","area":"茶内東２線"}],"0881366":[{"prefecture":"北海道","city":"厚岸郡浜中町","area":"茶内橋北西"}],"0881365":[{"prefecture":"北海道","city":"厚岸郡浜中町","area":"茶内橋北東"}],"0881363":[{"prefecture":"北海道","city":"厚岸郡浜中町","area":"茶内栄"}],"0881369":[{"prefecture":"北海道","city":"厚岸郡浜中町","area":"茶内西"}],"0881487":[{"prefecture":"北海道","city":"厚岸郡浜中町","area":"茶内東３線"},{"prefecture":"北海道","city":"厚岸郡浜中町","area":"茶内東４線"},{"prefecture":"北海道","city":"厚岸郡浜中町","area":"茶内東５線"},{"prefecture":"北海道","city":"厚岸郡浜中町","area":"茶内東６線"}],"0881361":[{"prefecture":"北海道","city":"厚岸郡浜中町","area":"茶内緑"}],"0881362":[{"prefecture":"北海道","city":"厚岸郡浜中町","area":"茶内本町"}],"0881364":[{"prefecture":"北海道","city":"厚岸郡浜中町","area":"茶内若葉"}],"0881360":[{"prefecture":"北海道","city":"厚岸郡浜中町","area":"散布村（北の沢）"}],"0881522":[{"prefecture":"北海道","city":"厚岸郡浜中町","area":"湯沸"}],"0881571":[{"prefecture":"北海道","city":"厚岸郡浜中町","area":"道有林"}],"0881531":[{"prefecture":"北海道","city":"厚岸郡浜中町","area":"仲の浜"}],"0881370":[{"prefecture":"北海道","city":"厚岸郡浜中町","area":"西円朱別西"}],"0881302":[{"prefecture":"北海道","city":"厚岸郡浜中町","area":"二番沢"}],"0881409":[{"prefecture":"北海道","city":"厚岸郡浜中町","area":"走古潭"}],"0881485":[{"prefecture":"北海道","city":"厚岸郡浜中町","area":"浜中"}],"0881536":[{"prefecture":"北海道","city":"厚岸郡浜中町","area":"火散布"}],"0881532":[{"prefecture":"北海道","city":"厚岸郡浜中町","area":"琵琶瀬"}],"0881525":[{"prefecture":"北海道","city":"厚岸郡浜中町","area":"暮帰別西"}],"0881524":[{"prefecture":"北海道","city":"厚岸郡浜中町","area":"暮帰別東"}],"0881405":[{"prefecture":"北海道","city":"厚岸郡浜中町","area":"奔幌戸"}],"0881537":[{"prefecture":"北海道","city":"厚岸郡浜中町","area":"丸山散布"}],"0881404":[{"prefecture":"北海道","city":"厚岸郡浜中町","area":"ムギカラシナイ"}],"0881643":[{"prefecture":"北海道","city":"厚岸郡浜中町","area":"貰人"}],"0881538":[{"prefecture":"北海道","city":"厚岸郡浜中町","area":"藻散布"}],"0881535":[{"prefecture":"北海道","city":"厚岸郡浜中町","area":"養老散布"}],"0881304":[{"prefecture":"北海道","city":"厚岸郡浜中町","area":"四番沢"}],"0881306":[{"prefecture":"北海道","city":"厚岸郡浜中町","area":"六番沢"}],"0881534":[{"prefecture":"北海道","city":"厚岸郡浜中町","area":"渡散布"}],"0882300":[{"prefecture":"北海道","city":"川上郡標茶町","area":""}],"0882301":[{"prefecture":"北海道","city":"川上郡標茶町","area":"旭"}],"0882305":[{"prefecture":"北海道","city":"川上郡標茶町","area":"麻生"}],"0882271":[{"prefecture":"北海道","city":"川上郡標茶町","area":"阿歴内"}],"0882272":[{"prefecture":"北海道","city":"川上郡標茶町","area":"阿歴内原野"}],"0883157":[{"prefecture":"北海道","city":"川上郡標茶町","area":"磯分内憩"}],"0883149":[{"prefecture":"北海道","city":"川上郡標茶町","area":"磯分内乙西"}],"0883151":[{"prefecture":"北海道","city":"川上郡標茶町","area":"磯分内上"}],"0883152":[{"prefecture":"北海道","city":"川上郡標茶町","area":"磯分内協盛"}],"0883153":[{"prefecture":"北海道","city":"川上郡標茶町","area":"磯分内小林"}],"0883147":[{"prefecture":"北海道","city":"川上郡標茶町","area":"磯分内市街"}],"0883146":[{"prefecture":"北海道","city":"川上郡標茶町","area":"磯分内下"}],"0883143":[{"prefecture":"北海道","city":"川上郡標茶町","area":"磯分内美幌"}],"0883155":[{"prefecture":"北海道","city":"川上郡標茶町","area":"磯分内平泉"}],"0883148":[{"prefecture":"北海道","city":"川上郡標茶町","area":"磯分内福島"}],"0883156":[{"prefecture":"北海道","city":"川上郡標茶町","area":"磯分内平和"}],"0882262":[{"prefecture":"北海道","city":"川上郡標茶町","area":"ウライヤ"}],"0882331":[{"prefecture":"北海道","city":"川上郡標茶町","area":"オソツベツ"},{"prefecture":"北海道","city":"川上郡標茶町","area":"下オソツベツ"}],"0882311":[{"prefecture":"北海道","city":"川上郡標茶町","area":"開運"}],"0883142":[{"prefecture":"北海道","city":"川上郡標茶町","area":"上磯分内"}],"0882333":[{"prefecture":"北海道","city":"川上郡標茶町","area":"上オソツベツ"}],"0882339":[{"prefecture":"北海道","city":"川上郡標茶町","area":"上多和"},{"prefecture":"北海道","city":"川上郡標茶町","area":"多和（その他）"}],"0882321":[{"prefecture":"北海道","city":"川上郡標茶町","area":"上チャンベツ"}],"0882266":[{"prefecture":"北海道","city":"川上郡標茶町","area":"茅沼"},{"prefecture":"北海道","city":"川上郡標茶町","area":"コツタロ原野"}],"0882312":[{"prefecture":"北海道","city":"川上郡標茶町","area":"川上"}],"0882275":[{"prefecture":"北海道","city":"川上郡標茶町","area":"北片無去"}],"0882337":[{"prefecture":"北海道","city":"川上郡標茶町","area":"北標茶"},{"prefecture":"北海道","city":"川上郡標茶町","area":"栄（その他）"}],"0882380":[{"prefecture":"北海道","city":"川上郡標茶町","area":"クチョロ原野"}],"0883145":[{"prefecture":"北海道","city":"川上郡標茶町","area":"熊牛原野"}],"0882334":[{"prefecture":"北海道","city":"川上郡標茶町","area":"厚生"}],"0882335":[{"prefecture":"北海道","city":"川上郡標茶町","area":"五十石"}],"0882388":[{"prefecture":"北海道","city":"川上郡標茶町","area":"コッタロ"}],"0883154":[{"prefecture":"北海道","city":"川上郡標茶町","area":"栄（１４５、１６９番地）"}],"0882303":[{"prefecture":"北海道","city":"川上郡標茶町","area":"桜"}],"0882314":[{"prefecture":"北海道","city":"川上郡標茶町","area":"標茶"}],"0882323":[{"prefecture":"北海道","city":"川上郡標茶町","area":"下チャンベツ"}],"0882265":[{"prefecture":"北海道","city":"川上郡標茶町","area":"シラルトロ"},{"prefecture":"北海道","city":"川上郡標茶町","area":"塘路（３２番地）"}],"0882273":[{"prefecture":"北海道","city":"川上郡標茶町","area":"西和"}],"0883141":[{"prefecture":"北海道","city":"川上郡標茶町","area":"多和（１２０番地）"}],"0882261":[{"prefecture":"北海道","city":"川上郡標茶町","area":"塘路（その他）"}],"0882264":[{"prefecture":"北海道","city":"川上郡標茶町","area":"塘路原野"}],"0882313":[{"prefecture":"北海道","city":"川上郡標茶町","area":"常盤"}],"0882332":[{"prefecture":"北海道","city":"川上郡標茶町","area":"中オソツベツ"}],"0882382":[{"prefecture":"北海道","city":"川上郡標茶町","area":"中久著呂"}],"0882381":[{"prefecture":"北海道","city":"川上郡標茶町","area":"中久著呂市街"}],"0883144":[{"prefecture":"北海道","city":"川上郡標茶町","area":"中多和"}],"0882322":[{"prefecture":"北海道","city":"川上郡標茶町","area":"中チャンベツ"}],"0882462":[{"prefecture":"北海道","city":"川上郡標茶町","area":"虹別"}],"0882463":[{"prefecture":"北海道","city":"川上郡標茶町","area":"虹別（上虹）"}],"0882464":[{"prefecture":"北海道","city":"川上郡標茶町","area":"虹別（中虹）"}],"0882465":[{"prefecture":"北海道","city":"川上郡標茶町","area":"虹別（萩野）"}],"0882461":[{"prefecture":"北海道","city":"川上郡標茶町","area":"虹別市街"}],"0882389":[{"prefecture":"北海道","city":"川上郡標茶町","area":"ヌマオロ原野"}],"0882263":[{"prefecture":"北海道","city":"川上郡標茶町","area":"沼ノ上"}],"0882274":[{"prefecture":"北海道","city":"川上郡標茶町","area":"東阿歴内"}],"0882302":[{"prefecture":"北海道","city":"川上郡標茶町","area":"富士"}],"0882304":[{"prefecture":"北海道","city":"川上郡標茶町","area":"平和"}],"0882338":[{"prefecture":"北海道","city":"川上郡標茶町","area":"南標茶"}],"0882324":[{"prefecture":"北海道","city":"川上郡標茶町","area":"雷別"}],"0882336":[{"prefecture":"北海道","city":"川上郡標茶町","area":"ルルラン"}],"0883200":[{"prefecture":"北海道","city":"川上郡弟子屈町","area":""}],"0883204":[{"prefecture":"北海道","city":"川上郡弟子屈町","area":"朝日"}],"0883463":[{"prefecture":"北海道","city":"川上郡弟子屈町","area":"アトサヌプリ原野"}],"0883461":[{"prefecture":"北海道","city":"川上郡弟子屈町","area":"跡佐登"},{"prefecture":"北海道","city":"川上郡弟子屈町","area":"跡佐登原野"}],"0883351":[{"prefecture":"北海道","city":"川上郡弟子屈町","area":"池の湯"},{"prefecture":"北海道","city":"川上郡弟子屈町","area":"屈斜路市街地"},{"prefecture":"北海道","city":"川上郡弟子屈町","area":"古丹"},{"prefecture":"北海道","city":"川上郡弟子屈町","area":"砂湯"}],"0883212":[{"prefecture":"北海道","city":"川上郡弟子屈町","area":"泉"}],"0883226":[{"prefecture":"北海道","city":"川上郡弟子屈町","area":"奥オソベツ"}],"0883228":[{"prefecture":"北海道","city":"川上郡弟子屈町","area":"奥春別"}],"0883227":[{"prefecture":"北海道","city":"川上郡弟子屈町","area":"重内"}],"0883462":[{"prefecture":"北海道","city":"川上郡弟子屈町","area":"川湯駅前"}],"0883465":[{"prefecture":"北海道","city":"川上郡弟子屈町","area":"川湯温泉"}],"0883341":[{"prefecture":"北海道","city":"川上郡弟子屈町","area":"屈斜路"},{"prefecture":"北海道","city":"川上郡弟子屈町","area":"屈斜路原野"}],"0883214":[{"prefecture":"北海道","city":"川上郡弟子屈町","area":"高栄"}],"0883213":[{"prefecture":"北海道","city":"川上郡弟子屈町","area":"桜丘"}],"0883332":[{"prefecture":"北海道","city":"川上郡弟子屈町","area":"札友内"},{"prefecture":"北海道","city":"川上郡弟子屈町","area":"札友内原野"}],"0883464":[{"prefecture":"北海道","city":"川上郡弟子屈町","area":"サワンチサップ"}],"0883202":[{"prefecture":"北海道","city":"川上郡弟子屈町","area":"鈴蘭"}],"0883211":[{"prefecture":"北海道","city":"川上郡弟子屈町","area":"中央"}],"0883222":[{"prefecture":"北海道","city":"川上郡弟子屈町","area":"弟子屈原野"}],"0883221":[{"prefecture":"北海道","city":"川上郡弟子屈町","area":"鐺別"},{"prefecture":"北海道","city":"川上郡弟子屈町","area":"鐺別原野"}],"0883223":[{"prefecture":"北海道","city":"川上郡弟子屈町","area":"仁多"}],"0883331":[{"prefecture":"北海道","city":"川上郡弟子屈町","area":"美留和"},{"prefecture":"北海道","city":"川上郡弟子屈町","area":"美留和原野"}],"0883224":[{"prefecture":"北海道","city":"川上郡弟子屈町","area":"平和"}],"0883201":[{"prefecture":"北海道","city":"川上郡弟子屈町","area":"摩周"}],"0883215":[{"prefecture":"北海道","city":"川上郡弟子屈町","area":"美里"}],"0883271":[{"prefecture":"北海道","city":"川上郡弟子屈町","area":"南弟子屈"}],"0883225":[{"prefecture":"北海道","city":"川上郡弟子屈町","area":"最栄利別"}],"0883203":[{"prefecture":"北海道","city":"川上郡弟子屈町","area":"湯の島"}],"0880300":[{"prefecture":"北海道","city":"白糠郡白糠町","area":""}],"0880585":[{"prefecture":"北海道","city":"白糠郡白糠町","area":"暁"}],"0880353":[{"prefecture":"北海道","city":"白糠郡白糠町","area":"大沢"},{"prefecture":"北海道","city":"白糠郡白糠町","area":"大平"},{"prefecture":"北海道","city":"白糠郡白糠町","area":"河原"},{"prefecture":"北海道","city":"白糠郡白糠町","area":"恋隠"},{"prefecture":"北海道","city":"白糠郡白糠町","area":"中和天別"},{"prefecture":"北海道","city":"白糠郡白糠町","area":"本郷"}],"0880341":[{"prefecture":"北海道","city":"白糠郡白糠町","area":"大苗"},{"prefecture":"北海道","city":"白糠郡白糠町","area":"下茶路"},{"prefecture":"北海道","city":"白糠郡白糠町","area":"相互"},{"prefecture":"北海道","city":"白糠郡白糠町","area":"西茶路"},{"prefecture":"北海道","city":"白糠郡白糠町","area":"東茶路"}],"0880561":[{"prefecture":"北海道","city":"白糠郡白糠町","area":"大楽毛"}],"0880342":[{"prefecture":"北海道","city":"白糠郡白糠町","area":"御札部"},{"prefecture":"北海道","city":"白糠郡白糠町","area":"御仁田"},{"prefecture":"北海道","city":"白糠郡白糠町","area":"川西"},{"prefecture":"北海道","city":"白糠郡白糠町","area":"高台"},{"prefecture":"北海道","city":"白糠郡白糠町","area":"鍛高"},{"prefecture":"北海道","city":"白糠郡白糠町","area":"茶路（共栄）"},{"prefecture":"北海道","city":"白糠郡白糠町","area":"中茶路"},{"prefecture":"北海道","city":"白糠郡白糠町","area":"松川"}],"0880583":[{"prefecture":"北海道","city":"白糠郡白糠町","area":"上庶路"}],"0880343":[{"prefecture":"北海道","city":"白糠郡白糠町","area":"上茶路"},{"prefecture":"北海道","city":"白糠郡白糠町","area":"新縫別"},{"prefecture":"北海道","city":"白糠郡白糠町","area":"縫別"},{"prefecture":"北海道","city":"白糠郡白糠町","area":"南大曲"},{"prefecture":"北海道","city":"白糠郡白糠町","area":"南上茶路"}],"0880352":[{"prefecture":"北海道","city":"白糠郡白糠町","area":"川島"},{"prefecture":"北海道","city":"白糠郡白糠町","area":"大秋"},{"prefecture":"北海道","city":"白糠郡白糠町","area":"馬主来"},{"prefecture":"北海道","city":"白糠郡白糠町","area":"緑"}],"0880351":[{"prefecture":"北海道","city":"白糠郡白糠町","area":"橋西"},{"prefecture":"北海道","city":"白糠郡白糠町","area":"坂の丘"},{"prefecture":"北海道","city":"白糠郡白糠町","area":"下和天別"},{"prefecture":"北海道","city":"白糠郡白糠町","area":"和天別"}],"0880562":[{"prefecture":"北海道","city":"白糠郡白糠町","area":"コイトイ"}],"0880305":[{"prefecture":"北海道","city":"白糠郡白糠町","area":"刺牛"}],"0880567":[{"prefecture":"北海道","city":"白糠郡白糠町","area":"庶路"}],"0880566":[{"prefecture":"北海道","city":"白糠郡白糠町","area":"庶路（宮下）"}],"0880564":[{"prefecture":"北海道","city":"白糠郡白糠町","area":"庶路（１区）"}],"0880565":[{"prefecture":"北海道","city":"白糠郡白糠町","area":"庶路（２区）"}],"0880563":[{"prefecture":"北海道","city":"白糠郡白糠町","area":"庶路甲区"}],"0880568":[{"prefecture":"北海道","city":"白糠郡白糠町","area":"庶路乙区"}],"0880586":[{"prefecture":"北海道","city":"白糠郡白糠町","area":"庶路東"}],"0880587":[{"prefecture":"北海道","city":"白糠郡白糠町","area":"庶路西"}],"0880581":[{"prefecture":"北海道","city":"白糠郡白糠町","area":"乳呑"}],"0880584":[{"prefecture":"北海道","city":"白糠郡白糠町","area":"泊別"}],"0880582":[{"prefecture":"北海道","city":"白糠郡白糠町","area":"中庶路"}],"0880572":[{"prefecture":"北海道","city":"白糠郡白糠町","area":"西庶路西一条南"},{"prefecture":"北海道","city":"白糠郡白糠町","area":"西庶路西二条南"},{"prefecture":"北海道","city":"白糠郡白糠町","area":"西庶路西三条南"},{"prefecture":"北海道","city":"白糠郡白糠町","area":"西庶路西四条南"},{"prefecture":"北海道","city":"白糠郡白糠町","area":"西庶路西五条南"}],"0880571":[{"prefecture":"北海道","city":"白糠郡白糠町","area":"西庶路西一条北"},{"prefecture":"北海道","city":"白糠郡白糠町","area":"西庶路西二条北"},{"prefecture":"北海道","city":"白糠郡白糠町","area":"西庶路西三条北"}],"0880574":[{"prefecture":"北海道","city":"白糠郡白糠町","area":"西庶路東一条南"},{"prefecture":"北海道","city":"白糠郡白糠町","area":"西庶路東二条南"},{"prefecture":"北海道","city":"白糠郡白糠町","area":"西庶路東三条南"}],"0880573":[{"prefecture":"北海道","city":"白糠郡白糠町","area":"西庶路東一条北"},{"prefecture":"北海道","city":"白糠郡白糠町","area":"西庶路東二条北"},{"prefecture":"北海道","city":"白糠郡白糠町","area":"西庶路東三条北"}],"0880311":[{"prefecture":"北海道","city":"白糠郡白糠町","area":"西一条南"}],"0880321":[{"prefecture":"北海道","city":"白糠郡白糠町","area":"西一条北"}],"0880312":[{"prefecture":"北海道","city":"白糠郡白糠町","area":"西二条南"}],"0880322":[{"prefecture":"北海道","city":"白糠郡白糠町","area":"西二条北"}],"0880323":[{"prefecture":"北海道","city":"白糠郡白糠町","area":"西四条北"}],"0880324":[{"prefecture":"北海道","city":"白糠郡白糠町","area":"西五条北"}],"0880301":[{"prefecture":"北海道","city":"白糠郡白糠町","area":"東一条南"}],"0880331":[{"prefecture":"北海道","city":"白糠郡白糠町","area":"東一条北"}],"0880302":[{"prefecture":"北海道","city":"白糠郡白糠町","area":"東二条南"}],"0880332":[{"prefecture":"北海道","city":"白糠郡白糠町","area":"東二条北"}],"0880303":[{"prefecture":"北海道","city":"白糠郡白糠町","area":"東三条南"}],"0880333":[{"prefecture":"北海道","city":"白糠郡白糠町","area":"東三条北"}],"0880344":[{"prefecture":"北海道","city":"白糠郡白糠町","area":"左股"},{"prefecture":"北海道","city":"白糠郡白糠町","area":"二股"},{"prefecture":"北海道","city":"白糠郡白糠町","area":"右股"}],"0880304":[{"prefecture":"北海道","city":"白糠郡白糠町","area":"岬"}],"0882578":[{"prefecture":"北海道","city":"野付郡別海町","area":"泉川"}],"0882725":[{"prefecture":"北海道","city":"野付郡別海町","area":"上春別"}],"0882722":[{"prefecture":"北海道","city":"野付郡別海町","area":"上春別旭町"}],"0882724":[{"prefecture":"北海道","city":"野付郡別海町","area":"上春別栄町"}],"0882721":[{"prefecture":"北海道","city":"野付郡別海町","area":"上春別緑町"}],"0882723":[{"prefecture":"北海道","city":"野付郡別海町","area":"上春別南町"}],"0882601":[{"prefecture":"北海道","city":"野付郡別海町","area":"大成"}],"0882576":[{"prefecture":"北海道","city":"野付郡別海町","area":"西春別"}],"0882566":[{"prefecture":"北海道","city":"野付郡別海町","area":"西春別駅前曙町"}],"0882561":[{"prefecture":"北海道","city":"野付郡別海町","area":"西春別駅前柏町"}],"0882565":[{"prefecture":"北海道","city":"野付郡別海町","area":"西春別駅前寿町"}],"0882562":[{"prefecture":"北海道","city":"野付郡別海町","area":"西春別駅前栄町"}],"0882563":[{"prefecture":"北海道","city":"野付郡別海町","area":"西春別駅前錦町"}],"0882564":[{"prefecture":"北海道","city":"野付郡別海町","area":"西春別駅前西町"}],"0882572":[{"prefecture":"北海道","city":"野付郡別海町","area":"西春別清川町"}],"0882571":[{"prefecture":"北海道","city":"野付郡別海町","area":"西春別幸町"}],"0882574":[{"prefecture":"北海道","city":"野付郡別海町","area":"西春別昭栄町"}],"0882573":[{"prefecture":"北海道","city":"野付郡別海町","area":"西春別本久町"}],"0882575":[{"prefecture":"北海道","city":"野付郡別海町","area":"西春別宮園町"}],"0882602":[{"prefecture":"北海道","city":"野付郡別海町","area":"本別"}],"0882577":[{"prefecture":"北海道","city":"野付郡別海町","area":"矢臼別（４０の１番地、４１の２番地）"}],"0882683":[{"prefecture":"北海道","city":"標津郡中標津町","area":"上標津"}],"0882682":[{"prefecture":"北海道","city":"標津郡中標津町","area":"計根別"}],"0882681":[{"prefecture":"北海道","city":"標津郡中標津町","area":"当幌"}],"0882685":[{"prefecture":"北海道","city":"標津郡中標津町","area":"西竹"}],"0882686":[{"prefecture":"北海道","city":"標津郡中標津町","area":"俣落（１６２９－１、１６５３－３、１６８４－５、１８８６－２、１８９３、"},{"prefecture":"北海道","city":"標津郡中標津町","area":"１８９６－２、１８９６－３、１９０６－８、１９３２－２、１９３６、"},{"prefecture":"北海道","city":"標津郡中標津町","area":"１９３６－２、１９５１－２、１９５６－２、１９６７－２、１９８０－２、"},{"prefecture":"北海道","city":"標津郡中標津町","area":"１９９７－３、２０００－２、２０００－８、２００３、２０１５－４、"},{"prefecture":"北海道","city":"標津郡中標津町","area":"２０２３－２、２０３８－２、２２５３－２、２２５３－５、２２５３－２１、"},{"prefecture":"北海道","city":"標津郡中標津町","area":"２２５３－２４、２２５３－３５、２２５３－６３）"}],"0882684":[{"prefecture":"北海道","city":"標津郡中標津町","area":"養老牛"}]}