{"3190100":{"prefecture":"茨城県","city":"小美玉市","area":""},"3190101":{"prefecture":"茨城県","city":"小美玉市","area":"橋場美"},"3190102":{"prefecture":"茨城県","city":"小美玉市","area":"西郷地"},"3190103":{"prefecture":"茨城県","city":"小美玉市","area":"柴高"},"3190104":{"prefecture":"茨城県","city":"小美玉市","area":"三箇"},"3190105":{"prefecture":"茨城県","city":"小美玉市","area":"鶴田"},"3190106":{"prefecture":"茨城県","city":"小美玉市","area":"堅倉"},"3190107":{"prefecture":"茨城県","city":"小美玉市","area":"小岩戸"},"3190108":{"prefecture":"茨城県","city":"小美玉市","area":"先後"},"3190111":{"prefecture":"茨城県","city":"小美玉市","area":"中野谷"},"3190112":{"prefecture":"茨城県","city":"小美玉市","area":"竹原下郷"},"3190113":{"prefecture":"茨城県","city":"小美玉市","area":"竹原"},"3190114":{"prefecture":"茨城県","city":"小美玉市","area":"竹原中郷"},"3190115":{"prefecture":"茨城県","city":"小美玉市","area":"上馬場"},"3190116":{"prefecture":"茨城県","city":"小美玉市","area":"中台"},"3190121":{"prefecture":"茨城県","city":"小美玉市","area":"羽刈"},"3190122":{"prefecture":"茨城県","city":"小美玉市","area":"江戸"},"3190123":{"prefecture":"茨城県","city":"小美玉市","area":"羽鳥"},"3190124":{"prefecture":"茨城県","city":"小美玉市","area":"花野井"},"3190125":{"prefecture":"茨城県","city":"小美玉市","area":"小曽納"},"3190126":{"prefecture":"茨城県","city":"小美玉市","area":"大谷"},"3190131":{"prefecture":"茨城県","city":"小美玉市","area":"寺崎"},"3190132":{"prefecture":"茨城県","city":"小美玉市","area":"部室"},"3190133":{"prefecture":"茨城県","city":"小美玉市","area":"張星"},"3190134":{"prefecture":"茨城県","city":"小美玉市","area":"納場"},"3190135":{"prefecture":"茨城県","city":"小美玉市","area":"高田"},"3190136":{"prefecture":"茨城県","city":"小美玉市","area":"手堤"},"3190137":{"prefecture":"茨城県","city":"小美玉市","area":"大笹"},"3190201":{"prefecture":"茨城県","city":"笠間市","area":"上郷"},"3190202":{"prefecture":"茨城県","city":"笠間市","area":"下郷"},"3190203":{"prefecture":"茨城県","city":"笠間市","area":"吉岡"},"3190204":{"prefecture":"茨城県","city":"笠間市","area":"土師"},"3190205":{"prefecture":"茨城県","city":"笠間市","area":"押辺"},"3190206":{"prefecture":"茨城県","city":"笠間市","area":"安居"},"3190207":{"prefecture":"茨城県","city":"笠間市","area":"福島"},"3190208":{"prefecture":"茨城県","city":"笠間市","area":"市野谷"},"3190209":{"prefecture":"茨城県","city":"笠間市","area":"泉"},"3190301":{"prefecture":"茨城県","city":"水戸市","area":"田島町"},"3190302":{"prefecture":"茨城県","city":"水戸市","area":"三野輪町"},"3190303":{"prefecture":"茨城県","city":"水戸市","area":"黒磯町"},"3190304":{"prefecture":"茨城県","city":"水戸市","area":"有賀町"},"3190305":{"prefecture":"茨城県","city":"水戸市","area":"中原町"},"3190306":{"prefecture":"茨城県","city":"水戸市","area":"杉崎町"},"3190307":{"prefecture":"茨城県","city":"水戸市","area":"小原町"},"3190311":{"prefecture":"茨城県","city":"水戸市","area":"牛伏町"},"3190312":{"prefecture":"茨城県","city":"水戸市","area":"大足町"},"3190313":{"prefecture":"茨城県","city":"水戸市","area":"筑地町"},"3190314":{"prefecture":"茨城県","city":"水戸市","area":"赤尾関町"},"3190315":{"prefecture":"茨城県","city":"水戸市","area":"内原町"},"3190316":{"prefecture":"茨城県","city":"水戸市","area":"三湯町"},"3190317":{"prefecture":"茨城県","city":"水戸市","area":"内原"},"3190321":{"prefecture":"茨城県","city":"水戸市","area":"高田町"},"3190322":{"prefecture":"茨城県","city":"水戸市","area":"下野町"},"3190323":{"prefecture":"茨城県","city":"水戸市","area":"鯉淵町"},"3190324":{"prefecture":"茨城県","city":"水戸市","area":"五平町"},"3190325":{"prefecture":"茨城県","city":"水戸市","area":"小林町"},"3191100":{"prefecture":"茨城県","city":"那珂郡東海村","area":""},"3191101":{"prefecture":"茨城県","city":"那珂郡東海村","area":"石神外宿"},"3191102":{"prefecture":"茨城県","city":"那珂郡東海村","area":"石神内宿"},"3191103":{"prefecture":"茨城県","city":"那珂郡東海村","area":"竹瓦"},"3191104":{"prefecture":"茨城県","city":"那珂郡東海村","area":"亀下"},"3191105":{"prefecture":"茨城県","city":"那珂郡東海村","area":"豊岡"},"3191106":{"prefecture":"茨城県","city":"那珂郡東海村","area":"白方"},"3191107":{"prefecture":"茨城県","city":"那珂郡東海村","area":"豊白"},"3191108":{"prefecture":"茨城県","city":"那珂郡東海村","area":"村松北"},"3191109":{"prefecture":"茨城県","city":"那珂郡東海村","area":"白方中央"},"3191111":{"prefecture":"茨城県","city":"那珂郡東海村","area":"舟石川"},"3191112":{"prefecture":"茨城県","city":"那珂郡東海村","area":"村松"},"3191113":{"prefecture":"茨城県","city":"那珂郡東海村","area":"照沼"},"3191114":{"prefecture":"茨城県","city":"那珂郡東海村","area":"須和間"},"3191115":{"prefecture":"茨城県","city":"那珂郡東海村","area":"船場"},"3191116":{"prefecture":"茨城県","city":"那珂郡東海村","area":"舟石川駅西"},"3191117":{"prefecture":"茨城県","city":"那珂郡東海村","area":"東海"},"3191118":{"prefecture":"茨城県","city":"那珂郡東海村","area":"舟石川駅東"},"3191221":{"prefecture":"茨城県","city":"日立市","area":"大みか町"},"3191222":{"prefecture":"茨城県","city":"日立市","area":"久慈町"},"3191223":{"prefecture":"茨城県","city":"日立市","area":"みなと町"},"3191224":{"prefecture":"茨城県","city":"日立市","area":"南高野町"},"3191225":{"prefecture":"茨城県","city":"日立市","area":"石名坂町"},"3191231":{"prefecture":"茨城県","city":"日立市","area":"留町"},"3191232":{"prefecture":"茨城県","city":"日立市","area":"下土木内町"},"3191233":{"prefecture":"茨城県","city":"日立市","area":"神田町"},"3191234":{"prefecture":"茨城県","city":"日立市","area":"大和田町"},"3191235":{"prefecture":"茨城県","city":"日立市","area":"茂宮町"},"3191301":{"prefecture":"茨城県","city":"日立市","area":"十王町伊師"},"3191302":{"prefecture":"茨城県","city":"日立市","area":"十王町伊師本郷"},"3191303":{"prefecture":"茨城県","city":"日立市","area":"十王町友部東"},"3191304":{"prefecture":"茨城県","city":"日立市","area":"十王町友部"},"3191305":{"prefecture":"茨城県","city":"日立市","area":"十王町高原"},"3191306":{"prefecture":"茨城県","city":"日立市","area":"十王町黒坂"},"3191307":{"prefecture":"茨城県","city":"日立市","area":"十王町山部"},"3191308":{"prefecture":"茨城県","city":"日立市","area":"十王町城の丘"},"3191411":{"prefecture":"茨城県","city":"日立市","area":"川尻町"},"3191412":{"prefecture":"茨城県","city":"日立市","area":"折笠町"},"3191413":{"prefecture":"茨城県","city":"日立市","area":"小木津町"},"3191414":{"prefecture":"茨城県","city":"日立市","area":"日高町"},"3191415":{"prefecture":"茨城県","city":"日立市","area":"相田町"},"3191416":{"prefecture":"茨城県","city":"日立市","area":"田尻町"},"3191417":{"prefecture":"茨城県","city":"日立市","area":"かみあい町"},"3191418":{"prefecture":"茨城県","city":"日立市","area":"砂沢町"},"3191500":{"prefecture":"茨城県","city":"北茨城市","area":""},"3191531":{"prefecture":"茨城県","city":"北茨城市","area":"華川町花園"},"3191532":{"prefecture":"茨城県","city":"北茨城市","area":"華川町上小津田"},"3191533":{"prefecture":"茨城県","city":"北茨城市","area":"華川町下小津田"},"3191534":{"prefecture":"茨城県","city":"北茨城市","area":"華川町車"},"3191535":{"prefecture":"茨城県","city":"北茨城市","area":"華川町臼場"},"3191536":{"prefecture":"茨城県","city":"北茨城市","area":"華川町中妻"},"3191537":{"prefecture":"茨城県","city":"北茨城市","area":"華川町下相田"},"3191538":{"prefecture":"茨城県","city":"北茨城市","area":"華川町小豆畑"},"3191541":{"prefecture":"茨城県","city":"北茨城市","area":"磯原町磯原"},"3191542":{"prefecture":"茨城県","city":"北茨城市","area":"磯原町本町"},"3191543":{"prefecture":"茨城県","city":"北茨城市","area":"磯原町豊田"},"3191544":{"prefecture":"茨城県","city":"北茨城市","area":"磯原町上相田"},"3191545":{"prefecture":"茨城県","city":"北茨城市","area":"磯原町木皿"},"3191546":{"prefecture":"茨城県","city":"北茨城市","area":"磯原町大塚"},"3191547":{"prefecture":"茨城県","city":"北茨城市","area":"磯原町内野"},"3191551":{"prefecture":"茨城県","city":"北茨城市","area":"中郷町下桜井"},"3191552":{"prefecture":"茨城県","city":"北茨城市","area":"中郷町足洗"},"3191553":{"prefecture":"茨城県","city":"北茨城市","area":"中郷町汐見ケ丘"},"3191554":{"prefecture":"茨城県","city":"北茨城市","area":"中郷町粟野"},"3191555":{"prefecture":"茨城県","city":"北茨城市","area":"中郷町小野矢指"},"3191556":{"prefecture":"茨城県","city":"北茨城市","area":"中郷町日棚"},"3191557":{"prefecture":"茨城県","city":"北茨城市","area":"中郷町松井"},"3191558":{"prefecture":"茨城県","city":"北茨城市","area":"中郷町石岡"},"3191559":{"prefecture":"茨城県","city":"北茨城市","area":"中郷町上桜井"},"3191701":{"prefecture":"茨城県","city":"北茨城市","area":"平潟町"},"3191702":{"prefecture":"茨城県","city":"北茨城市","area":"大津町"},"3191703":{"prefecture":"茨城県","city":"北茨城市","area":"大津町五浦"},"3191704":{"prefecture":"茨城県","city":"北茨城市","area":"大津町北町"},"3191711":{"prefecture":"茨城県","city":"北茨城市","area":"関南町関本下"},"3191712":{"prefecture":"茨城県","city":"北茨城市","area":"関南町里根川"},"3191713":{"prefecture":"茨城県","city":"北茨城市","area":"関南町仁井田"},"3191714":{"prefecture":"茨城県","city":"北茨城市","area":"関南町神岡上"},"3191715":{"prefecture":"茨城県","city":"北茨城市","area":"関南町神岡下"},"3191721":{"prefecture":"茨城県","city":"北茨城市","area":"関本町関本上"},"3191722":{"prefecture":"茨城県","city":"北茨城市","area":"関本町福田"},"3191723":{"prefecture":"茨城県","city":"北茨城市","area":"関本町関本中"},"3191724":{"prefecture":"茨城県","city":"北茨城市","area":"関本町八反"},"3191725":{"prefecture":"茨城県","city":"北茨城市","area":"関本町富士ケ丘"},"3191726":{"prefecture":"茨城県","city":"北茨城市","area":"関本町才丸"},"3191727":{"prefecture":"茨城県","city":"北茨城市","area":"関本町小川"},"3192102":{"prefecture":"茨城県","city":"那珂市","area":"瓜連"},"3192103":{"prefecture":"茨城県","city":"那珂市","area":"中里"},"3192104":{"prefecture":"茨城県","city":"那珂市","area":"平野"},"3192105":{"prefecture":"茨城県","city":"那珂市","area":"古徳"},"3192106":{"prefecture":"茨城県","city":"那珂市","area":"静"},"3192107":{"prefecture":"茨城県","city":"那珂市","area":"下大賀"},"3192131":{"prefecture":"茨城県","city":"常陸大宮市","area":"下村田"},"3192132":{"prefecture":"茨城県","city":"常陸大宮市","area":"小場"},"3192133":{"prefecture":"茨城県","city":"常陸大宮市","area":"小野"},"3192134":{"prefecture":"茨城県","city":"常陸大宮市","area":"工業団地"},"3192135":{"prefecture":"茨城県","city":"常陸大宮市","area":"石沢"},"3192136":{"prefecture":"茨城県","city":"常陸大宮市","area":"上村田"},"3192141":{"prefecture":"茨城県","city":"常陸大宮市","area":"下岩瀬"},"3192142":{"prefecture":"茨城県","city":"常陸大宮市","area":"上岩瀬"},"3192143":{"prefecture":"茨城県","city":"常陸大宮市","area":"根本"},"3192144":{"prefecture":"茨城県","city":"常陸大宮市","area":"泉"},"3192145":{"prefecture":"茨城県","city":"常陸大宮市","area":"宇留野"},"3192200":{"prefecture":"茨城県","city":"常陸大宮市","area":""},"3192201":{"prefecture":"茨城県","city":"常陸大宮市","area":"辰ノ口"},"3192202":{"prefecture":"茨城県","city":"常陸大宮市","area":"塩原"},"3192203":{"prefecture":"茨城県","city":"常陸大宮市","area":"小倉"},"3192204":{"prefecture":"茨城県","city":"常陸大宮市","area":"富岡"},"3192205":{"prefecture":"茨城県","city":"常陸大宮市","area":"宮の郷"},"3192211":{"prefecture":"茨城県","city":"常陸大宮市","area":"岩崎"},"3192212":{"prefecture":"茨城県","city":"常陸大宮市","area":"上大賀"},"3192213":{"prefecture":"茨城県","city":"常陸大宮市","area":"小祝"},"3192214":{"prefecture":"茨城県","city":"常陸大宮市","area":"鷹巣"},"3192221":{"prefecture":"茨城県","city":"常陸大宮市","area":"八田"},"3192222":{"prefecture":"茨城県","city":"常陸大宮市","area":"若林"},"3192223":{"prefecture":"茨城県","city":"常陸大宮市","area":"三美"},"3192224":{"prefecture":"茨城県","city":"常陸大宮市","area":"東野"},"3192225":{"prefecture":"茨城県","city":"常陸大宮市","area":"西塩子"},"3192226":{"prefecture":"茨城県","city":"常陸大宮市","area":"北塩子"},"3192227":{"prefecture":"茨城県","city":"常陸大宮市","area":"照田（９１７～１４９０番地）"},"3192251":{"prefecture":"茨城県","city":"常陸大宮市","area":"姥賀町"},"3192252":{"prefecture":"茨城県","city":"常陸大宮市","area":"東富町"},"3192253":{"prefecture":"茨城県","city":"常陸大宮市","area":"高渡町"},"3192254":{"prefecture":"茨城県","city":"常陸大宮市","area":"北町"},"3192255":{"prefecture":"茨城県","city":"常陸大宮市","area":"野中町"},"3192256":{"prefecture":"茨城県","city":"常陸大宮市","area":"田子内町"},"3192261":{"prefecture":"茨城県","city":"常陸大宮市","area":"上町"},"3192262":{"prefecture":"茨城県","city":"常陸大宮市","area":"下町"},"3192263":{"prefecture":"茨城県","city":"常陸大宮市","area":"南町"},"3192264":{"prefecture":"茨城県","city":"常陸大宮市","area":"栄町"},"3192265":{"prefecture":"茨城県","city":"常陸大宮市","area":"中富町"},"3192266":{"prefecture":"茨城県","city":"常陸大宮市","area":"抽ケ台町"},"3192401":{"prefecture":"茨城県","city":"常陸大宮市","area":"上小瀬"},"3192402":{"prefecture":"茨城県","city":"常陸大宮市","area":"下小瀬"},"3192403":{"prefecture":"茨城県","city":"常陸大宮市","area":"那賀"},"3192404":{"prefecture":"茨城県","city":"常陸大宮市","area":"国長"},"3192405":{"prefecture":"茨城県","city":"常陸大宮市","area":"小玉"},"3192411":{"prefecture":"茨城県","city":"常陸大宮市","area":"小舟"},"3192412":{"prefecture":"茨城県","city":"常陸大宮市","area":"小瀬沢"},"3192413":{"prefecture":"茨城県","city":"常陸大宮市","area":"松之草"},"3192414":{"prefecture":"茨城県","city":"常陸大宮市","area":"吉丸"},"3192415":{"prefecture":"茨城県","city":"常陸大宮市","area":"入本郷"},"3192416":{"prefecture":"茨城県","city":"常陸大宮市","area":"千田"},"3192417":{"prefecture":"茨城県","city":"常陸大宮市","area":"油河内"},"3192418":{"prefecture":"茨城県","city":"常陸大宮市","area":"大岩"},"3192511":{"prefecture":"茨城県","city":"常陸大宮市","area":"上檜沢"},"3192512":{"prefecture":"茨城県","city":"常陸大宮市","area":"下檜沢"},"3192513":{"prefecture":"茨城県","city":"常陸大宮市","area":"氷之沢"},"3192601":{"prefecture":"茨城県","city":"常陸大宮市","area":"高部"},"3192602":{"prefecture":"茨城県","city":"常陸大宮市","area":"小田野"},"3192603":{"prefecture":"茨城県","city":"常陸大宮市","area":"鷲子"},"3193101":{"prefecture":"茨城県","city":"常陸大宮市","area":"久隆"},"3193102":{"prefecture":"茨城県","city":"常陸大宮市","area":"盛金"},"3193103":{"prefecture":"茨城県","city":"常陸大宮市","area":"家和楽"},"3193104":{"prefecture":"茨城県","city":"常陸大宮市","area":"北富田"},"3193105":{"prefecture":"茨城県","city":"常陸大宮市","area":"諸沢"},"3193106":{"prefecture":"茨城県","city":"常陸大宮市","area":"西野内"},"3193107":{"prefecture":"茨城県","city":"常陸大宮市","area":"舟生"},"3193111":{"prefecture":"茨城県","city":"常陸大宮市","area":"山方"},"3193112":{"prefecture":"茨城県","city":"常陸大宮市","area":"小貫"},"3193113":{"prefecture":"茨城県","city":"常陸大宮市","area":"照山"},"3193114":{"prefecture":"茨城県","city":"常陸大宮市","area":"野上"},"3193115":{"prefecture":"茨城県","city":"常陸大宮市","area":"照田（その他）"},"3193116":{"prefecture":"茨城県","city":"常陸大宮市","area":"長田"},"3193117":{"prefecture":"茨城県","city":"常陸大宮市","area":"長沢"},"3193361":{"prefecture":"茨城県","city":"久慈郡大子町","area":"頃藤"},"3193362":{"prefecture":"茨城県","city":"久慈郡大子町","area":"西金"},"3193363":{"prefecture":"茨城県","city":"久慈郡大子町","area":"北富田"},"3193364":{"prefecture":"茨城県","city":"久慈郡大子町","area":"盛金"},"3193365":{"prefecture":"茨城県","city":"久慈郡大子町","area":"栃原"},"3193366":{"prefecture":"茨城県","city":"久慈郡大子町","area":"大沢"},"3193500":{"prefecture":"茨城県","city":"久慈郡大子町","area":""},"3193511":{"prefecture":"茨城県","city":"久慈郡大子町","area":"高柴"},"3193512":{"prefecture":"茨城県","city":"久慈郡大子町","area":"小生瀬"},"3193513":{"prefecture":"茨城県","city":"久慈郡大子町","area":"大生瀬"},"3193514":{"prefecture":"茨城県","city":"久慈郡大子町","area":"外大野"},"3193515":{"prefecture":"茨城県","city":"久慈郡大子町","area":"内大野"},"3193521":{"prefecture":"茨城県","city":"久慈郡大子町","area":"北田気"},"3193522":{"prefecture":"茨城県","city":"久慈郡大子町","area":"久野瀬"},"3193523":{"prefecture":"茨城県","city":"久慈郡大子町","area":"袋田"},"3193524":{"prefecture":"茨城県","city":"久慈郡大子町","area":"下津原"},"3193525":{"prefecture":"茨城県","city":"久慈郡大子町","area":"南田気"},"3193526":{"prefecture":"茨城県","city":"久慈郡大子町","area":"大子"},"3193531":{"prefecture":"茨城県","city":"久慈郡大子町","area":"上岡"},"3193532":{"prefecture":"茨城県","city":"久慈郡大子町","area":"山田"},"3193533":{"prefecture":"茨城県","city":"久慈郡大子町","area":"下金沢"},"3193534":{"prefecture":"茨城県","city":"久慈郡大子町","area":"相川"},"3193535":{"prefecture":"茨城県","city":"久慈郡大子町","area":"上金沢"},"3193536":{"prefecture":"茨城県","city":"久慈郡大子町","area":"田野沢"},"3193537":{"prefecture":"茨城県","city":"久慈郡大子町","area":"塙"},"3193538":{"prefecture":"茨城県","city":"久慈郡大子町","area":"芦野倉"},"3193541":{"prefecture":"茨城県","city":"久慈郡大子町","area":"浅川"},"3193542":{"prefecture":"茨城県","city":"久慈郡大子町","area":"初原"},"3193543":{"prefecture":"茨城県","city":"久慈郡大子町","area":"左貫"},"3193544":{"prefecture":"茨城県","city":"久慈郡大子町","area":"槇野地"},"3193551":{"prefecture":"茨城県","city":"久慈郡大子町","area":"池田"},"3193552":{"prefecture":"茨城県","city":"久慈郡大子町","area":"矢田"},"3193553":{"prefecture":"茨城県","city":"久慈郡大子町","area":"冥賀"},"3193554":{"prefecture":"茨城県","city":"久慈郡大子町","area":"高田"},"3193555":{"prefecture":"茨城県","city":"久慈郡大子町","area":"下野宮"},"3193556":{"prefecture":"茨城県","city":"久慈郡大子町","area":"川山"},"3193701":{"prefecture":"茨城県","city":"久慈郡大子町","area":"北吉沢"},"3193702":{"prefecture":"茨城県","city":"久慈郡大子町","area":"町付"},"3193703":{"prefecture":"茨城県","city":"久慈郡大子町","area":"上郷"},"3193704":{"prefecture":"茨城県","city":"久慈郡大子町","area":"上野宮"},"3193705":{"prefecture":"茨城県","city":"久慈郡大子町","area":"中郷"}}