{"3210000":{"prefecture":"栃木県","city":"宇都宮市","area":""},"3210101":{"prefecture":"栃木県","city":"宇都宮市","area":"江曽島本町"},"3210102":{"prefecture":"栃木県","city":"宇都宮市","area":"江曽島町"},"3210103":{"prefecture":"栃木県","city":"宇都宮市","area":"台新田町"},"3210104":{"prefecture":"栃木県","city":"宇都宮市","area":"台新田"},"3210105":{"prefecture":"栃木県","city":"宇都宮市","area":"横田新町"},"3210106":{"prefecture":"栃木県","city":"宇都宮市","area":"上横田町"},"3210107":{"prefecture":"栃木県","city":"宇都宮市","area":"江曽島"},"3210108":{"prefecture":"栃木県","city":"宇都宮市","area":"春日町"},"3210111":{"prefecture":"栃木県","city":"宇都宮市","area":"川田町"},"3210112":{"prefecture":"栃木県","city":"宇都宮市","area":"屋板町"},"3210113":{"prefecture":"栃木県","city":"宇都宮市","area":"砂田町"},"3210114":{"prefecture":"栃木県","city":"宇都宮市","area":"中島町"},"3210115":{"prefecture":"栃木県","city":"宇都宮市","area":"上御田町"},"3210116":{"prefecture":"栃木県","city":"宇都宮市","area":"東横田町"},"3210117":{"prefecture":"栃木県","city":"宇都宮市","area":"城南"},"3210118":{"prefecture":"栃木県","city":"宇都宮市","area":"インターパーク"},"3210121":{"prefecture":"栃木県","city":"宇都宮市","area":"雀宮町"},"3210122":{"prefecture":"栃木県","city":"宇都宮市","area":"下反町町"},"3210123":{"prefecture":"栃木県","city":"宇都宮市","area":"東谷町"},"3210124":{"prefecture":"栃木県","city":"宇都宮市","area":"下横田町"},"3210125":{"prefecture":"栃木県","city":"宇都宮市","area":"御田長島町"},"3210126":{"prefecture":"栃木県","city":"宇都宮市","area":"茂原町"},"3210127":{"prefecture":"栃木県","city":"宇都宮市","area":"羽牛田町"},"3210131":{"prefecture":"栃木県","city":"宇都宮市","area":"宮の内"},"3210132":{"prefecture":"栃木県","city":"宇都宮市","area":"雀の宮"},"3210133":{"prefecture":"栃木県","city":"宇都宮市","area":"新富町"},"3210134":{"prefecture":"栃木県","city":"宇都宮市","area":"高砂町"},"3210135":{"prefecture":"栃木県","city":"宇都宮市","area":"五代"},"3210136":{"prefecture":"栃木県","city":"宇都宮市","area":"みどり野町"},"3210137":{"prefecture":"栃木県","city":"宇都宮市","area":"針ケ谷"},"3210138":{"prefecture":"栃木県","city":"宇都宮市","area":"兵庫塚"},"3210139":{"prefecture":"栃木県","city":"宇都宮市","area":"若松原"},"3210141":{"prefecture":"栃木県","city":"宇都宮市","area":"さつき"},"3210142":{"prefecture":"栃木県","city":"宇都宮市","area":"南町"},"3210143":{"prefecture":"栃木県","city":"宇都宮市","area":"南高砂町"},"3210144":{"prefecture":"栃木県","city":"宇都宮市","area":"末広"},"3210145":{"prefecture":"栃木県","city":"宇都宮市","area":"茂原"},"3210146":{"prefecture":"栃木県","city":"宇都宮市","area":"富士見町"},"3210147":{"prefecture":"栃木県","city":"宇都宮市","area":"針ケ谷町"},"3210151":{"prefecture":"栃木県","city":"宇都宮市","area":"西川田町"},"3210152":{"prefecture":"栃木県","city":"宇都宮市","area":"西川田"},"3210153":{"prefecture":"栃木県","city":"宇都宮市","area":"北若松原"},"3210154":{"prefecture":"栃木県","city":"宇都宮市","area":"西川田東町"},"3210155":{"prefecture":"栃木県","city":"宇都宮市","area":"西川田南"},"3210156":{"prefecture":"栃木県","city":"宇都宮市","area":"兵庫塚町"},"3210157":{"prefecture":"栃木県","city":"宇都宮市","area":"幕田町"},"3210158":{"prefecture":"栃木県","city":"宇都宮市","area":"西川田本町"},"3210161":{"prefecture":"栃木県","city":"宇都宮市","area":"大塚町"},"3210162":{"prefecture":"栃木県","city":"宇都宮市","area":"大和（１、２丁目）"},"3210163":{"prefecture":"栃木県","city":"宇都宮市","area":"宮本町"},"3210164":{"prefecture":"栃木県","city":"宇都宮市","area":"双葉"},"3210165":{"prefecture":"栃木県","city":"宇都宮市","area":"緑"},"3210166":{"prefecture":"栃木県","city":"宇都宮市","area":"今宮"},"3210167":{"prefecture":"栃木県","city":"宇都宮市","area":"東浦町"},"3210168":{"prefecture":"栃木県","city":"宇都宮市","area":"東原町"},"3210169":{"prefecture":"栃木県","city":"宇都宮市","area":"八千代"},"3210200":{"prefecture":"栃木県","city":"下都賀郡壬生町","area":""},"3210201":{"prefecture":"栃木県","city":"下都賀郡壬生町","area":"安塚"},"3210202":{"prefecture":"栃木県","city":"下都賀郡壬生町","area":"おもちゃのまち"},"3210203":{"prefecture":"栃木県","city":"下都賀郡壬生町","area":"幸町"},"3210204":{"prefecture":"栃木県","city":"下都賀郡壬生町","area":"緑町"},"3210205":{"prefecture":"栃木県","city":"下都賀郡壬生町","area":"若草町"},"3210206":{"prefecture":"栃木県","city":"下都賀郡壬生町","area":"あけぼの町"},"3210207":{"prefecture":"栃木県","city":"下都賀郡壬生町","area":"北小林"},"3210211":{"prefecture":"栃木県","city":"下都賀郡壬生町","area":"国谷"},"3210212":{"prefecture":"栃木県","city":"下都賀郡壬生町","area":"寿町"},"3210213":{"prefecture":"栃木県","city":"下都賀郡壬生町","area":"いずみ町"},"3210214":{"prefecture":"栃木県","city":"下都賀郡壬生町","area":"壬生甲"},"3210215":{"prefecture":"栃木県","city":"下都賀郡壬生町","area":"壬生乙"},"3210216":{"prefecture":"栃木県","city":"下都賀郡壬生町","area":"壬生丁"},"3210217":{"prefecture":"栃木県","city":"下都賀郡壬生町","area":"至宝"},"3210218":{"prefecture":"栃木県","city":"下都賀郡壬生町","area":"落合"},"3210219":{"prefecture":"栃木県","city":"下都賀郡壬生町","area":"福和田"},"3210221":{"prefecture":"栃木県","city":"下都賀郡壬生町","area":"藤井"},"3210222":{"prefecture":"栃木県","city":"下都賀郡壬生町","area":"駅東町"},"3210223":{"prefecture":"栃木県","city":"下都賀郡壬生町","area":"元町"},"3210224":{"prefecture":"栃木県","city":"下都賀郡壬生町","area":"表町"},"3210225":{"prefecture":"栃木県","city":"下都賀郡壬生町","area":"本丸"},"3210226":{"prefecture":"栃木県","city":"下都賀郡壬生町","area":"中央町"},"3210227":{"prefecture":"栃木県","city":"下都賀郡壬生町","area":"通町"},"3210228":{"prefecture":"栃木県","city":"下都賀郡壬生町","area":"大師町"},"3210231":{"prefecture":"栃木県","city":"下都賀郡壬生町","area":"上田"},"3210232":{"prefecture":"栃木県","city":"下都賀郡壬生町","area":"中泉"},"3210233":{"prefecture":"栃木県","city":"下都賀郡壬生町","area":"助谷"},"3210234":{"prefecture":"栃木県","city":"下都賀郡壬生町","area":"羽生田"},"3210235":{"prefecture":"栃木県","city":"下都賀郡壬生町","area":"七ツ石"},"3210236":{"prefecture":"栃木県","city":"下都賀郡壬生町","area":"上稲葉"},"3210237":{"prefecture":"栃木県","city":"下都賀郡壬生町","area":"下稲葉"},"3210238":{"prefecture":"栃木県","city":"下都賀郡壬生町","area":"みぶ羽生田産業団地"},"3210341":{"prefecture":"栃木県","city":"宇都宮市","area":"古賀志町"},"3210342":{"prefecture":"栃木県","city":"宇都宮市","area":"福岡町"},"3210343":{"prefecture":"栃木県","city":"宇都宮市","area":"田下町"},"3210344":{"prefecture":"栃木県","city":"宇都宮市","area":"田野町"},"3210345":{"prefecture":"栃木県","city":"宇都宮市","area":"大谷町"},"3210346":{"prefecture":"栃木県","city":"宇都宮市","area":"下荒針町"},"3210347":{"prefecture":"栃木県","city":"宇都宮市","area":"飯田町"},"3210401":{"prefecture":"栃木県","city":"宇都宮市","area":"上小倉町"},"3210402":{"prefecture":"栃木県","city":"宇都宮市","area":"今里町"},"3210403":{"prefecture":"栃木県","city":"宇都宮市","area":"下小倉町"},"3210404":{"prefecture":"栃木県","city":"宇都宮市","area":"芦沼町"},"3210405":{"prefecture":"栃木県","city":"宇都宮市","area":"上田町"},"3210406":{"prefecture":"栃木県","city":"宇都宮市","area":"金田町"},"3210407":{"prefecture":"栃木県","city":"宇都宮市","area":"松田新田町"},"3210411":{"prefecture":"栃木県","city":"宇都宮市","area":"宮山田町"},"3210412":{"prefecture":"栃木県","city":"宇都宮市","area":"関白町"},"3210413":{"prefecture":"栃木県","city":"宇都宮市","area":"松風台"},"3210414":{"prefecture":"栃木県","city":"宇都宮市","area":"中里町"},"3210415":{"prefecture":"栃木県","city":"宇都宮市","area":"免ノ内町"},"3210416":{"prefecture":"栃木県","city":"宇都宮市","area":"高松町"},"3210417":{"prefecture":"栃木県","city":"宇都宮市","area":"冬室町"},"3210501":{"prefecture":"栃木県","city":"那須烏山市","area":"志鳥"},"3210502":{"prefecture":"栃木県","city":"那須烏山市","area":"熊田"},"3210503":{"prefecture":"栃木県","city":"那須烏山市","area":"月次"},"3210504":{"prefecture":"栃木県","city":"那須烏山市","area":"下川井"},"3210505":{"prefecture":"栃木県","city":"那須烏山市","area":"上川井"},"3210511":{"prefecture":"栃木県","city":"那須烏山市","area":"小河原"},"3210512":{"prefecture":"栃木県","city":"那須烏山市","area":"高瀬"},"3210513":{"prefecture":"栃木県","city":"那須烏山市","area":"小塙"},"3210514":{"prefecture":"栃木県","city":"那須烏山市","area":"森田"},"3210515":{"prefecture":"栃木県","city":"那須烏山市","area":"曲田"},"3210516":{"prefecture":"栃木県","city":"那須烏山市","area":"大里"},"3210517":{"prefecture":"栃木県","city":"那須烏山市","area":"東原"},"3210521":{"prefecture":"栃木県","city":"那須烏山市","area":"岩子"},"3210522":{"prefecture":"栃木県","city":"那須烏山市","area":"大金"},"3210523":{"prefecture":"栃木県","city":"那須烏山市","area":"曲畑"},"3210524":{"prefecture":"栃木県","city":"那須烏山市","area":"八ケ代"},"3210525":{"prefecture":"栃木県","city":"那須烏山市","area":"福岡"},"3210526":{"prefecture":"栃木県","city":"那須烏山市","area":"田野倉"},"3210527":{"prefecture":"栃木県","city":"那須烏山市","area":"宇井"},"3210528":{"prefecture":"栃木県","city":"那須烏山市","area":"小倉"},"3210531":{"prefecture":"栃木県","city":"那須烏山市","area":"三箇"},"3210532":{"prefecture":"栃木県","city":"那須烏山市","area":"藤田"},"3210533":{"prefecture":"栃木県","city":"那須烏山市","area":"南大和久"},"3210534":{"prefecture":"栃木県","city":"那須烏山市","area":"鴻野山"},"3210535":{"prefecture":"栃木県","city":"那須烏山市","area":"小白井"},"3210600":{"prefecture":"栃木県","city":"那須烏山市","area":""},"3210601":{"prefecture":"栃木県","city":"那須烏山市","area":"白久"},"3210602":{"prefecture":"栃木県","city":"那須烏山市","area":"大桶"},"3210603":{"prefecture":"栃木県","city":"那須烏山市","area":"谷浅見"},"3210604":{"prefecture":"栃木県","city":"那須烏山市","area":"中山"},"3210605":{"prefecture":"栃木県","city":"那須烏山市","area":"滝田"},"3210611":{"prefecture":"栃木県","city":"那須烏山市","area":"興野"},"3210612":{"prefecture":"栃木県","city":"那須烏山市","area":"大沢"},"3210613":{"prefecture":"栃木県","city":"那須烏山市","area":"大木須"},"3210614":{"prefecture":"栃木県","city":"那須烏山市","area":"小木須"},"3210615":{"prefecture":"栃木県","city":"那須烏山市","area":"小原沢"},"3210616":{"prefecture":"栃木県","city":"那須烏山市","area":"下境"},"3210617":{"prefecture":"栃木県","city":"那須烏山市","area":"上境"},"3210618":{"prefecture":"栃木県","city":"那須烏山市","area":"横枕"},"3210621":{"prefecture":"栃木県","city":"那須烏山市","area":"中央"},"3210622":{"prefecture":"栃木県","city":"那須烏山市","area":"城東"},"3210623":{"prefecture":"栃木県","city":"那須烏山市","area":"表"},"3210624":{"prefecture":"栃木県","city":"那須烏山市","area":"旭"},"3210625":{"prefecture":"栃木県","city":"那須烏山市","area":"宮原"},"3210626":{"prefecture":"栃木県","city":"那須烏山市","area":"初音"},"3210627":{"prefecture":"栃木県","city":"那須烏山市","area":"南"},"3210628":{"prefecture":"栃木県","city":"那須烏山市","area":"金井"},"3210629":{"prefecture":"栃木県","city":"那須烏山市","area":"愛宕台"},"3210631":{"prefecture":"栃木県","city":"那須烏山市","area":"城山"},"3210632":{"prefecture":"栃木県","city":"那須烏山市","area":"神長"},"3210633":{"prefecture":"栃木県","city":"那須烏山市","area":"滝"},"3210634":{"prefecture":"栃木県","city":"那須烏山市","area":"野上"},"3210635":{"prefecture":"栃木県","city":"那須烏山市","area":"向田"},"3210636":{"prefecture":"栃木県","city":"那須烏山市","area":"落合"},"3210901":{"prefecture":"栃木県","city":"宇都宮市","area":"平出町"},"3210902":{"prefecture":"栃木県","city":"宇都宮市","area":"柳田町"},"3210903":{"prefecture":"栃木県","city":"宇都宮市","area":"下平出町"},"3210904":{"prefecture":"栃木県","city":"宇都宮市","area":"陽東"},"3210905":{"prefecture":"栃木県","city":"宇都宮市","area":"平出工業団地"},"3210906":{"prefecture":"栃木県","city":"宇都宮市","area":"中久保"},"3210911":{"prefecture":"栃木県","city":"宇都宮市","area":"問屋町"},"3210912":{"prefecture":"栃木県","city":"宇都宮市","area":"石井町"},"3210913":{"prefecture":"栃木県","city":"宇都宮市","area":"上桑島町"},"3210914":{"prefecture":"栃木県","city":"宇都宮市","area":"下桑島町"},"3210915":{"prefecture":"栃木県","city":"宇都宮市","area":"東刑部町"},"3210916":{"prefecture":"栃木県","city":"宇都宮市","area":"東木代町"},"3210917":{"prefecture":"栃木県","city":"宇都宮市","area":"西刑部町"},"3210918":{"prefecture":"栃木県","city":"宇都宮市","area":"平塚町"},"3210921":{"prefecture":"栃木県","city":"宇都宮市","area":"瑞穂"},"3210922":{"prefecture":"栃木県","city":"宇都宮市","area":"さるやま町"},"3210923":{"prefecture":"栃木県","city":"宇都宮市","area":"下栗町"},"3210924":{"prefecture":"栃木県","city":"宇都宮市","area":"下栗"},"3210925":{"prefecture":"栃木県","city":"宇都宮市","area":"東簗瀬"},"3210931":{"prefecture":"栃木県","city":"宇都宮市","area":"平松町"},"3210932":{"prefecture":"栃木県","city":"宇都宮市","area":"平松本町"},"3210933":{"prefecture":"栃木県","city":"宇都宮市","area":"簗瀬町"},"3210934":{"prefecture":"栃木県","city":"宇都宮市","area":"簗瀬"},"3210935":{"prefecture":"栃木県","city":"宇都宮市","area":"城東"},"3210941":{"prefecture":"栃木県","city":"宇都宮市","area":"東今泉"},"3210942":{"prefecture":"栃木県","city":"宇都宮市","area":"峰"},"3210943":{"prefecture":"栃木県","city":"宇都宮市","area":"峰町"},"3210944":{"prefecture":"栃木県","city":"宇都宮市","area":"東峰町"},"3210945":{"prefecture":"栃木県","city":"宇都宮市","area":"宿郷"},"3210951":{"prefecture":"栃木県","city":"宇都宮市","area":"越戸町"},"3210952":{"prefecture":"栃木県","city":"宇都宮市","area":"泉が丘"},"3210953":{"prefecture":"栃木県","city":"宇都宮市","area":"東宿郷"},"3210954":{"prefecture":"栃木県","city":"宇都宮市","area":"元今泉"},"3210961":{"prefecture":"栃木県","city":"宇都宮市","area":"今泉新町"},"3210962":{"prefecture":"栃木県","city":"宇都宮市","area":"今泉町"},"3210963":{"prefecture":"栃木県","city":"宇都宮市","area":"南大通り"},"3210964":{"prefecture":"栃木県","city":"宇都宮市","area":"駅前通り"},"3210965":{"prefecture":"栃木県","city":"宇都宮市","area":"川向町"},"3210966":{"prefecture":"栃木県","city":"宇都宮市","area":"今泉"},"3210967":{"prefecture":"栃木県","city":"宇都宮市","area":"錦"},"3210968":{"prefecture":"栃木県","city":"宇都宮市","area":"中今泉"},"3210969":{"prefecture":"栃木県","city":"宇都宮市","area":"宮みらい"},"3210971":{"prefecture":"栃木県","city":"宇都宮市","area":"海道町"},"3210972":{"prefecture":"栃木県","city":"宇都宮市","area":"下川俣町"},"3210973":{"prefecture":"栃木県","city":"宇都宮市","area":"岩曽町"},"3210974":{"prefecture":"栃木県","city":"宇都宮市","area":"竹林町"},"3210975":{"prefecture":"栃木県","city":"宇都宮市","area":"関堀町"},"3210976":{"prefecture":"栃木県","city":"宇都宮市","area":"岩本町"},"3210977":{"prefecture":"栃木県","city":"宇都宮市","area":"川俣町"},"3210981":{"prefecture":"栃木県","city":"宇都宮市","area":"上野町"},"3210982":{"prefecture":"栃木県","city":"宇都宮市","area":"御幸ケ原町"},"3210983":{"prefecture":"栃木県","city":"宇都宮市","area":"御幸本町"},"3210984":{"prefecture":"栃木県","city":"宇都宮市","area":"御幸町"},"3210985":{"prefecture":"栃木県","city":"宇都宮市","area":"東町"},"3211101":{"prefecture":"栃木県","city":"日光市","area":"明神"},"3211102":{"prefecture":"栃木県","city":"日光市","area":"板橋"},"3211103":{"prefecture":"栃木県","city":"日光市","area":"手岡"},"3211104":{"prefecture":"栃木県","city":"日光市","area":"岩崎"},"3211105":{"prefecture":"栃木県","city":"日光市","area":"文挾町"},"3211106":{"prefecture":"栃木県","city":"日光市","area":"小倉"},"3211107":{"prefecture":"栃木県","city":"日光市","area":"小代"},"3211108":{"prefecture":"栃木県","city":"日光市","area":"長畑"},"3211111":{"prefecture":"栃木県","city":"鹿沼市","area":"板荷"},"3211261":{"prefecture":"栃木県","city":"日光市","area":"今市"},"3211262":{"prefecture":"栃木県","city":"日光市","area":"平ケ崎"},"3211263":{"prefecture":"栃木県","city":"日光市","area":"瀬川"},"3211264":{"prefecture":"栃木県","city":"日光市","area":"瀬尾"},"3211265":{"prefecture":"栃木県","city":"日光市","area":"小百（その他）"},"3211266":{"prefecture":"栃木県","city":"日光市","area":"中央町"},"3211271":{"prefecture":"栃木県","city":"日光市","area":"並木町"},"3211272":{"prefecture":"栃木県","city":"日光市","area":"今市本町"},"3211273":{"prefecture":"栃木県","city":"日光市","area":"吉沢"},"3211274":{"prefecture":"栃木県","city":"日光市","area":"土沢"},"3211275":{"prefecture":"栃木県","city":"日光市","area":"室瀬"},"3211276":{"prefecture":"栃木県","city":"日光市","area":"下の内"},"3211277":{"prefecture":"栃木県","city":"日光市","area":"千本木"},"3211351":{"prefecture":"栃木県","city":"日光市","area":"東小来川"},"3211352":{"prefecture":"栃木県","city":"日光市","area":"宮小来川"},"3211353":{"prefecture":"栃木県","city":"日光市","area":"南小来川"},"3211354":{"prefecture":"栃木県","city":"日光市","area":"中小来川"},"3211355":{"prefecture":"栃木県","city":"日光市","area":"西小来川"},"3211356":{"prefecture":"栃木県","city":"日光市","area":"滝ケ原"},"3211400":{"prefecture":"栃木県","city":"日光市","area":""},"3211401":{"prefecture":"栃木県","city":"日光市","area":"上鉢石町"},"3211402":{"prefecture":"栃木県","city":"日光市","area":"中鉢石町"},"3211403":{"prefecture":"栃木県","city":"日光市","area":"下鉢石町"},"3211404":{"prefecture":"栃木県","city":"日光市","area":"御幸町"},"3211405":{"prefecture":"栃木県","city":"日光市","area":"石屋町"},"3211406":{"prefecture":"栃木県","city":"日光市","area":"松原町"},"3211407":{"prefecture":"栃木県","city":"日光市","area":"若杉町"},"3211411":{"prefecture":"栃木県","city":"日光市","area":"稲荷町"},"3211412":{"prefecture":"栃木県","city":"日光市","area":"東和町"},"3211413":{"prefecture":"栃木県","city":"日光市","area":"相生町"},"3211414":{"prefecture":"栃木県","city":"日光市","area":"萩垣面"},"3211415":{"prefecture":"栃木県","city":"日光市","area":"日光"},"3211421":{"prefecture":"栃木県","city":"日光市","area":"所野"},"3211422":{"prefecture":"栃木県","city":"日光市","area":"宝殿"},"3211423":{"prefecture":"栃木県","city":"日光市","area":"七里"},"3211424":{"prefecture":"栃木県","city":"日光市","area":"野口"},"3211425":{"prefecture":"栃木県","city":"日光市","area":"和泉"},"3211426":{"prefecture":"栃木県","city":"日光市","area":"山久保"},"3211431":{"prefecture":"栃木県","city":"日光市","area":"山内"},"3211432":{"prefecture":"栃木県","city":"日光市","area":"安川町"},"3211433":{"prefecture":"栃木県","city":"日光市","area":"匠町"},"3211434":{"prefecture":"栃木県","city":"日光市","area":"本町"},"3211435":{"prefecture":"栃木県","city":"日光市","area":"花石町"},"3211436":{"prefecture":"栃木県","city":"日光市","area":"久次良町"},"3211441":{"prefecture":"栃木県","city":"日光市","area":"清滝安良沢町"},"3211442":{"prefecture":"栃木県","city":"日光市","area":"清滝丹勢町"},"3211443":{"prefecture":"栃木県","city":"日光市","area":"清滝桜ケ丘町"},"3211444":{"prefecture":"栃木県","city":"日光市","area":"清滝"},"3211445":{"prefecture":"栃木県","city":"日光市","area":"細尾町"},"3211446":{"prefecture":"栃木県","city":"日光市","area":"清滝中安戸町"},"3211447":{"prefecture":"栃木県","city":"日光市","area":"清滝和の代町"},"3211448":{"prefecture":"栃木県","city":"日光市","area":"清滝新細尾町"},"3211449":{"prefecture":"栃木県","city":"日光市","area":"丹勢"},"3211501":{"prefecture":"栃木県","city":"日光市","area":"足尾町愛宕下"},"3211502":{"prefecture":"栃木県","city":"日光市","area":"足尾町赤倉"},"3211503":{"prefecture":"栃木県","city":"日光市","area":"足尾町深沢"},"3211504":{"prefecture":"栃木県","city":"日光市","area":"足尾町上間藤"},"3211505":{"prefecture":"栃木県","city":"日光市","area":"足尾町上の平"},"3211506":{"prefecture":"栃木県","city":"日光市","area":"足尾町下間藤"},"3211507":{"prefecture":"栃木県","city":"日光市","area":"足尾町南橋"},"3211508":{"prefecture":"栃木県","city":"日光市","area":"足尾町本山"},"3211511":{"prefecture":"栃木県","city":"日光市","area":"足尾町"},"3211512":{"prefecture":"栃木県","city":"日光市","area":"足尾町掛水"},"3211513":{"prefecture":"栃木県","city":"日光市","area":"足尾町向原"},"3211514":{"prefecture":"栃木県","city":"日光市","area":"足尾町通洞"},"3211515":{"prefecture":"栃木県","city":"日光市","area":"足尾町砂畑"},"3211521":{"prefecture":"栃木県","city":"日光市","area":"足尾町遠下"},"3211522":{"prefecture":"栃木県","city":"日光市","area":"足尾町中才"},"3211523":{"prefecture":"栃木県","city":"日光市","area":"足尾町松原"},"3211524":{"prefecture":"栃木県","city":"日光市","area":"足尾町赤沢"},"3211661":{"prefecture":"栃木県","city":"日光市","area":"中宮祠"},"3211662":{"prefecture":"栃木県","city":"日光市","area":"湯元"},"3212101":{"prefecture":"栃木県","city":"宇都宮市","area":"飯山町"},"3212102":{"prefecture":"栃木県","city":"宇都宮市","area":"篠井町"},"3212103":{"prefecture":"栃木県","city":"宇都宮市","area":"石那田町"},"3212104":{"prefecture":"栃木県","city":"宇都宮市","area":"上小池町"},"3212105":{"prefecture":"栃木県","city":"宇都宮市","area":"下小池町"},"3212111":{"prefecture":"栃木県","city":"宇都宮市","area":"大網町"},"3212112":{"prefecture":"栃木県","city":"宇都宮市","area":"上横倉町"},"3212113":{"prefecture":"栃木県","city":"宇都宮市","area":"下横倉町"},"3212114":{"prefecture":"栃木県","city":"宇都宮市","area":"下金井町"},"3212115":{"prefecture":"栃木県","city":"宇都宮市","area":"上金井町"},"3212116":{"prefecture":"栃木県","city":"宇都宮市","area":"徳次郎町"},"3212117":{"prefecture":"栃木県","city":"宇都宮市","area":"岩原町"},"3212118":{"prefecture":"栃木県","city":"宇都宮市","area":"新里町"},"3212331":{"prefecture":"栃木県","city":"日光市","area":"針貝"},"3212332":{"prefecture":"栃木県","city":"日光市","area":"大室"},"3212333":{"prefecture":"栃木県","city":"日光市","area":"薄井沢"},"3212334":{"prefecture":"栃木県","city":"日光市","area":"水無"},"3212335":{"prefecture":"栃木県","city":"日光市","area":"森友"},"3212336":{"prefecture":"栃木県","city":"日光市","area":"荊沢"},"3212341":{"prefecture":"栃木県","city":"日光市","area":"大沢町"},"3212342":{"prefecture":"栃木県","city":"日光市","area":"根室"},"3212343":{"prefecture":"栃木県","city":"日光市","area":"山口"},"3212344":{"prefecture":"栃木県","city":"日光市","area":"猪倉"},"3212345":{"prefecture":"栃木県","city":"日光市","area":"木和田島"},"3212351":{"prefecture":"栃木県","city":"日光市","area":"塩野室町"},"3212352":{"prefecture":"栃木県","city":"日光市","area":"小林"},"3212353":{"prefecture":"栃木県","city":"日光市","area":"沓掛"},"3212354":{"prefecture":"栃木県","city":"日光市","area":"嘉多蔵"},"3212355":{"prefecture":"栃木県","city":"日光市","area":"沢又"},"3212356":{"prefecture":"栃木県","city":"日光市","area":"矢野口"},"3212401":{"prefecture":"栃木県","city":"日光市","area":"川室"},"3212402":{"prefecture":"栃木県","city":"日光市","area":"大渡"},"3212403":{"prefecture":"栃木県","city":"日光市","area":"町谷"},"3212404":{"prefecture":"栃木県","city":"日光市","area":"轟"},"3212405":{"prefecture":"栃木県","city":"日光市","area":"芹沼"},"3212411":{"prefecture":"栃木県","city":"日光市","area":"大桑町"},"3212412":{"prefecture":"栃木県","city":"日光市","area":"倉ケ崎"},"3212413":{"prefecture":"栃木県","city":"日光市","area":"倉ケ崎新田"},"3212414":{"prefecture":"栃木県","city":"日光市","area":"豊田"},"3212421":{"prefecture":"栃木県","city":"日光市","area":"栗原"},"3212422":{"prefecture":"栃木県","city":"日光市","area":"高柴"},"3212423":{"prefecture":"栃木県","city":"日光市","area":"原宿"},"3212424":{"prefecture":"栃木県","city":"日光市","area":"小百（鳥屋下）"},"3212425":{"prefecture":"栃木県","city":"日光市","area":"小百（楢原）"},"3212426":{"prefecture":"栃木県","city":"日光市","area":"小百（筒置）"},"3212427":{"prefecture":"栃木県","city":"日光市","area":"佐下部"},"3212501":{"prefecture":"栃木県","city":"塩谷郡塩谷町","area":"上寺島（１６５３、１６６１、１６７８、１６９４番地）"},"3212521":{"prefecture":"栃木県","city":"日光市","area":"藤原（その他）"},"3212522":{"prefecture":"栃木県","city":"日光市","area":"鬼怒川温泉大原"},"3212523":{"prefecture":"栃木県","city":"日光市","area":"高徳"},"3212524":{"prefecture":"栃木県","city":"日光市","area":"柄倉"},"3212525":{"prefecture":"栃木県","city":"日光市","area":"小佐越"},"3212526":{"prefecture":"栃木県","city":"日光市","area":"鬼怒川温泉滝"},"3212601":{"prefecture":"栃木県","city":"日光市","area":"湯西川"},"3212602":{"prefecture":"栃木県","city":"日光市","area":"一ツ石"},"3212603":{"prefecture":"栃木県","city":"日光市","area":"西川"},"3212604":{"prefecture":"栃木県","city":"日光市","area":"赤下"},"3212611":{"prefecture":"栃木県","city":"日光市","area":"川治温泉川治"},"3212612":{"prefecture":"栃木県","city":"日光市","area":"川治温泉高原"},"3212613":{"prefecture":"栃木県","city":"日光市","area":"藤原（１０４７～１２６８及び下平）"},"3212614":{"prefecture":"栃木県","city":"日光市","area":"川治温泉滝"},"3212615":{"prefecture":"栃木県","city":"日光市","area":"五十里（東山）"},"3212616":{"prefecture":"栃木県","city":"日光市","area":"高原"},"3212711":{"prefecture":"栃木県","city":"日光市","area":"日向"},"3212712":{"prefecture":"栃木県","city":"日光市","area":"日蔭"},"3212713":{"prefecture":"栃木県","city":"日光市","area":"黒部"},"3212714":{"prefecture":"栃木県","city":"日光市","area":"土呂部"},"3212715":{"prefecture":"栃木県","city":"日光市","area":"上栗山"},"3212716":{"prefecture":"栃木県","city":"日光市","area":"野門"},"3212717":{"prefecture":"栃木県","city":"日光市","area":"川俣"},"3212718":{"prefecture":"栃木県","city":"日光市","area":"若間"},"3212801":{"prefecture":"栃木県","city":"日光市","area":"横川"},"3212802":{"prefecture":"栃木県","city":"日光市","area":"上三依"},"3212803":{"prefecture":"栃木県","city":"日光市","area":"中三依"},"3212804":{"prefecture":"栃木県","city":"日光市","area":"芹沢"},"3212805":{"prefecture":"栃木県","city":"日光市","area":"独鈷沢"},"3212806":{"prefecture":"栃木県","city":"日光市","area":"五十里（その他）"},"3213221":{"prefecture":"栃木県","city":"宇都宮市","area":"板戸町"},"3213222":{"prefecture":"栃木県","city":"宇都宮市","area":"野高谷町"},"3213223":{"prefecture":"栃木県","city":"宇都宮市","area":"清原台"},"3213224":{"prefecture":"栃木県","city":"宇都宮市","area":"刈沼町"},"3213225":{"prefecture":"栃木県","city":"宇都宮市","area":"満美穴町"},"3213226":{"prefecture":"栃木県","city":"宇都宮市","area":"ゆいの杜"},"3213231":{"prefecture":"栃木県","city":"宇都宮市","area":"清原工業団地"},"3213232":{"prefecture":"栃木県","city":"宇都宮市","area":"氷室町"},"3213233":{"prefecture":"栃木県","city":"宇都宮市","area":"上籠谷町"},"3213234":{"prefecture":"栃木県","city":"宇都宮市","area":"桑島町"},"3213235":{"prefecture":"栃木県","city":"宇都宮市","area":"鐺山町"},"3213236":{"prefecture":"栃木県","city":"宇都宮市","area":"竹下町"},"3213237":{"prefecture":"栃木県","city":"宇都宮市","area":"道場宿町"},"3213300":{"prefecture":"栃木県","city":"芳賀郡芳賀町","area":""},"3213301":{"prefecture":"栃木県","city":"芳賀郡芳賀町","area":"給部"},"3213302":{"prefecture":"栃木県","city":"芳賀郡芳賀町","area":"上稲毛田"},"3213303":{"prefecture":"栃木県","city":"芳賀郡芳賀町","area":"稲毛田"},"3213304":{"prefecture":"栃木県","city":"芳賀郡芳賀町","area":"祖母井"},"3213305":{"prefecture":"栃木県","city":"芳賀郡芳賀町","area":"芳志戸"},"3213306":{"prefecture":"栃木県","city":"芳賀郡芳賀町","area":"八ッ木"},"3213307":{"prefecture":"栃木県","city":"芳賀郡芳賀町","area":"祖母井南"},"3213311":{"prefecture":"栃木県","city":"芳賀郡芳賀町","area":"上延生"},"3213312":{"prefecture":"栃木県","city":"芳賀郡芳賀町","area":"下延生"},"3213313":{"prefecture":"栃木県","city":"芳賀郡芳賀町","area":"東高橋"},"3213314":{"prefecture":"栃木県","city":"芳賀郡芳賀町","area":"打越新田"},"3213315":{"prefecture":"栃木県","city":"芳賀郡芳賀町","area":"西高橋"},"3213316":{"prefecture":"栃木県","city":"芳賀郡芳賀町","area":"与能"},"3213321":{"prefecture":"栃木県","city":"芳賀郡芳賀町","area":"下高根沢"},"3213322":{"prefecture":"栃木県","city":"芳賀郡芳賀町","area":"東水沼"},"3213323":{"prefecture":"栃木県","city":"芳賀郡芳賀町","area":"北長島"},"3213324":{"prefecture":"栃木県","city":"芳賀郡芳賀町","area":"西水沼"},"3213325":{"prefecture":"栃木県","city":"芳賀郡芳賀町","area":"芳賀台"},"3213400":{"prefecture":"栃木県","city":"芳賀郡市貝町","area":""},"3213401":{"prefecture":"栃木県","city":"芳賀郡市貝町","area":"竹内"},"3213402":{"prefecture":"栃木県","city":"芳賀郡市貝町","area":"見上"},"3213403":{"prefecture":"栃木県","city":"芳賀郡市貝町","area":"羽仏"},"3213404":{"prefecture":"栃木県","city":"芳賀郡市貝町","area":"続谷"},"3213405":{"prefecture":"栃木県","city":"芳賀郡市貝町","area":"大谷津"},"3213406":{"prefecture":"栃木県","city":"芳賀郡市貝町","area":"塩田"},"3213411":{"prefecture":"栃木県","city":"芳賀郡市貝町","area":"刈生田"},"3213412":{"prefecture":"栃木県","city":"芳賀郡市貝町","area":"田野辺"},"3213413":{"prefecture":"栃木県","city":"芳賀郡市貝町","area":"文谷"},"3213414":{"prefecture":"栃木県","city":"芳賀郡市貝町","area":"椎谷"},"3213415":{"prefecture":"栃木県","city":"芳賀郡市貝町","area":"杉山"},"3213421":{"prefecture":"栃木県","city":"芳賀郡市貝町","area":"笹原田"},"3213422":{"prefecture":"栃木県","city":"芳賀郡市貝町","area":"石下"},"3213423":{"prefecture":"栃木県","city":"芳賀郡市貝町","area":"市塙"},"3213424":{"prefecture":"栃木県","city":"芳賀郡市貝町","area":"上根"},"3213425":{"prefecture":"栃木県","city":"芳賀郡市貝町","area":"多田羅"},"3213426":{"prefecture":"栃木県","city":"芳賀郡市貝町","area":"赤羽"},"3213500":{"prefecture":"栃木県","city":"芳賀郡茂木町","area":""},"3213531":{"prefecture":"栃木県","city":"芳賀郡茂木町","area":"茂木"},"3213532":{"prefecture":"栃木県","city":"芳賀郡茂木町","area":"三坂"},"3213533":{"prefecture":"栃木県","city":"芳賀郡茂木町","area":"桧山（その他）"},"3213534":{"prefecture":"栃木県","city":"芳賀郡茂木町","area":"青梅"},"3213535":{"prefecture":"栃木県","city":"芳賀郡茂木町","area":"鮎田"},"3213536":{"prefecture":"栃木県","city":"芳賀郡茂木町","area":"神井"},"3213541":{"prefecture":"栃木県","city":"芳賀郡茂木町","area":"烏生田"},"3213542":{"prefecture":"栃木県","city":"芳賀郡茂木町","area":"九石"},"3213543":{"prefecture":"栃木県","city":"芳賀郡茂木町","area":"上後郷"},"3213544":{"prefecture":"栃木県","city":"芳賀郡茂木町","area":"坂井"},"3213545":{"prefecture":"栃木県","city":"芳賀郡茂木町","area":"下菅又"},"3213546":{"prefecture":"栃木県","city":"芳賀郡茂木町","area":"上菅又"},"3213547":{"prefecture":"栃木県","city":"芳賀郡茂木町","area":"千本"},"3213551":{"prefecture":"栃木県","city":"芳賀郡茂木町","area":"生井"},"3213552":{"prefecture":"栃木県","city":"芳賀郡茂木町","area":"竹原"},"3213553":{"prefecture":"栃木県","city":"芳賀郡茂木町","area":"大畑"},"3213554":{"prefecture":"栃木県","city":"芳賀郡茂木町","area":"大瀬"},"3213555":{"prefecture":"栃木県","city":"芳賀郡茂木町","area":"所草"},"3213556":{"prefecture":"栃木県","city":"芳賀郡茂木町","area":"町田"},"3213557":{"prefecture":"栃木県","city":"芳賀郡茂木町","area":"黒田"},"3213561":{"prefecture":"栃木県","city":"芳賀郡茂木町","area":"後郷"},"3213562":{"prefecture":"栃木県","city":"芳賀郡茂木町","area":"馬門"},"3213563":{"prefecture":"栃木県","city":"芳賀郡茂木町","area":"林"},"3213564":{"prefecture":"栃木県","city":"芳賀郡茂木町","area":"増井"},"3213565":{"prefecture":"栃木県","city":"芳賀郡茂木町","area":"塩田"},"3213566":{"prefecture":"栃木県","city":"芳賀郡茂木町","area":"小井戸"},"3213621":{"prefecture":"栃木県","city":"芳賀郡茂木町","area":"天子"},"3213622":{"prefecture":"栃木県","city":"芳賀郡茂木町","area":"北高岡"},"3213623":{"prefecture":"栃木県","city":"芳賀郡茂木町","area":"木幡"},"3213624":{"prefecture":"栃木県","city":"芳賀郡茂木町","area":"小山"},"3213625":{"prefecture":"栃木県","city":"芳賀郡茂木町","area":"福手"},"3213626":{"prefecture":"栃木県","city":"芳賀郡茂木町","area":"飯"},"3213627":{"prefecture":"栃木県","city":"芳賀郡茂木町","area":"小貫"},"3213628":{"prefecture":"栃木県","city":"芳賀郡茂木町","area":"深沢"},"3213701":{"prefecture":"栃木県","city":"芳賀郡茂木町","area":"山内"},"3213702":{"prefecture":"栃木県","city":"芳賀郡茂木町","area":"飯野"},"3213703":{"prefecture":"栃木県","city":"芳賀郡茂木町","area":"河井"},"3213704":{"prefecture":"栃木県","city":"芳賀郡茂木町","area":"牧野"},"3213705":{"prefecture":"栃木県","city":"芳賀郡茂木町","area":"入郷"},"3213706":{"prefecture":"栃木県","city":"芳賀郡茂木町","area":"河又"},"3213707":{"prefecture":"栃木県","city":"芳賀郡茂木町","area":"小深"},"3214101":{"prefecture":"栃木県","city":"芳賀郡益子町","area":"小宅"},"3214102":{"prefecture":"栃木県","city":"芳賀郡益子町","area":"芦沼"},"3214103":{"prefecture":"栃木県","city":"芳賀郡益子町","area":"大平"},"3214104":{"prefecture":"栃木県","city":"芳賀郡益子町","area":"大沢"},"3214105":{"prefecture":"栃木県","city":"芳賀郡益子町","area":"北中"},"3214106":{"prefecture":"栃木県","city":"芳賀郡益子町","area":"七井"},"3214107":{"prefecture":"栃木県","city":"芳賀郡益子町","area":"七井中央"},"3214200":{"prefecture":"栃木県","city":"芳賀郡益子町","area":""},"3214211":{"prefecture":"栃木県","city":"芳賀郡益子町","area":"下大羽"},"3214212":{"prefecture":"栃木県","city":"芳賀郡益子町","area":"上大羽"},"3214213":{"prefecture":"栃木県","city":"芳賀郡益子町","area":"山本"},"3214214":{"prefecture":"栃木県","city":"芳賀郡益子町","area":"前沢"},"3214215":{"prefecture":"栃木県","city":"芳賀郡益子町","area":"生田目"},"3214216":{"prefecture":"栃木県","city":"芳賀郡益子町","area":"塙"},"3214217":{"prefecture":"栃木県","city":"芳賀郡益子町","area":"益子"},"3214218":{"prefecture":"栃木県","city":"芳賀郡益子町","area":"城内坂"},"3214221":{"prefecture":"栃木県","city":"芳賀郡益子町","area":"大郷戸"},"3214222":{"prefecture":"栃木県","city":"芳賀郡益子町","area":"小泉"},"3214223":{"prefecture":"栃木県","city":"芳賀郡益子町","area":"梅ケ内"},"3214224":{"prefecture":"栃木県","city":"芳賀郡益子町","area":"本沼"},"3214225":{"prefecture":"栃木県","city":"芳賀郡益子町","area":"長堤"},"3214226":{"prefecture":"栃木県","city":"芳賀郡益子町","area":"上山"},"3214227":{"prefecture":"栃木県","city":"芳賀郡益子町","area":"東田井"},"3214300":{"prefecture":"栃木県","city":"真岡市","area":""},"3214301":{"prefecture":"栃木県","city":"真岡市","area":"西田井"},"3214302":{"prefecture":"栃木県","city":"真岡市","area":"鶴田"},"3214303":{"prefecture":"栃木県","city":"真岡市","area":"八條"},"3214304":{"prefecture":"栃木県","city":"真岡市","area":"東郷"},"3214305":{"prefecture":"栃木県","city":"真岡市","area":"荒町"},"3214306":{"prefecture":"栃木県","city":"真岡市","area":"台町"},"3214307":{"prefecture":"栃木県","city":"真岡市","area":"西郷"},"3214308":{"prefecture":"栃木県","city":"真岡市","area":"中郷"},"3214309":{"prefecture":"栃木県","city":"真岡市","area":"東光寺"},"3214311":{"prefecture":"栃木県","city":"真岡市","area":"根本"},"3214312":{"prefecture":"栃木県","city":"真岡市","area":"青谷"},"3214313":{"prefecture":"栃木県","city":"真岡市","area":"須釜"},"3214314":{"prefecture":"栃木県","city":"真岡市","area":"南高岡"},"3214315":{"prefecture":"栃木県","city":"真岡市","area":"道祖土"},"3214316":{"prefecture":"栃木県","city":"真岡市","area":"君島"},"3214321":{"prefecture":"栃木県","city":"真岡市","area":"小林"},"3214322":{"prefecture":"栃木県","city":"真岡市","area":"東大島"},"3214323":{"prefecture":"栃木県","city":"真岡市","area":"東沼"},"3214324":{"prefecture":"栃木県","city":"真岡市","area":"西沼"},"3214325":{"prefecture":"栃木県","city":"真岡市","area":"田町"},"3214326":{"prefecture":"栃木県","city":"真岡市","area":"島"},"3214331":{"prefecture":"栃木県","city":"真岡市","area":"白布ケ丘"},"3214332":{"prefecture":"栃木県","city":"真岡市","area":"大谷新町"},"3214333":{"prefecture":"栃木県","city":"真岡市","area":"大谷本町"},"3214334":{"prefecture":"栃木県","city":"真岡市","area":"八木岡"},"3214335":{"prefecture":"栃木県","city":"真岡市","area":"下高間木"},"3214336":{"prefecture":"栃木県","city":"真岡市","area":"西高間木"},"3214337":{"prefecture":"栃木県","city":"真岡市","area":"上高間木"},"3214338":{"prefecture":"栃木県","city":"真岡市","area":"大谷台町"},"3214341":{"prefecture":"栃木県","city":"真岡市","area":"高勢町"},"3214342":{"prefecture":"栃木県","city":"真岡市","area":"伊勢崎"},"3214343":{"prefecture":"栃木県","city":"真岡市","area":"小橋"},"3214344":{"prefecture":"栃木県","city":"真岡市","area":"茅堤"},"3214345":{"prefecture":"栃木県","city":"真岡市","area":"寺内"},"3214346":{"prefecture":"栃木県","city":"真岡市","area":"松山町"},"3214347":{"prefecture":"栃木県","city":"真岡市","area":"加倉"},"3214351":{"prefecture":"栃木県","city":"真岡市","area":"中"},"3214352":{"prefecture":"栃木県","city":"真岡市","area":"若旅（その他）"},"3214353":{"prefecture":"栃木県","city":"真岡市","area":"粕田"},"3214354":{"prefecture":"栃木県","city":"真岡市","area":"寺分"},"3214355":{"prefecture":"栃木県","city":"真岡市","area":"上大沼"},"3214356":{"prefecture":"栃木県","city":"真岡市","area":"大沼"},"3214357":{"prefecture":"栃木県","city":"真岡市","area":"下大沼"},"3214361":{"prefecture":"栃木県","city":"真岡市","area":"並木町"},"3214362":{"prefecture":"栃木県","city":"真岡市","area":"熊倉町"},"3214363":{"prefecture":"栃木県","city":"真岡市","area":"亀山"},"3214364":{"prefecture":"栃木県","city":"真岡市","area":"長田"},"3214365":{"prefecture":"栃木県","city":"真岡市","area":"柳林"},"3214366":{"prefecture":"栃木県","city":"真岡市","area":"勝瓜"},"3214367":{"prefecture":"栃木県","city":"真岡市","area":"鬼怒ケ丘"},"3214368":{"prefecture":"栃木県","city":"真岡市","area":"寺久保"},"3214369":{"prefecture":"栃木県","city":"真岡市","area":"熊倉"},"3214401":{"prefecture":"栃木県","city":"真岡市","area":"赤羽"},"3214402":{"prefecture":"栃木県","city":"真岡市","area":"清水"},"3214403":{"prefecture":"栃木県","city":"真岡市","area":"原町"},"3214404":{"prefecture":"栃木県","city":"真岡市","area":"田島"},"3214405":{"prefecture":"栃木県","city":"真岡市","area":"飯貝"},"3214406":{"prefecture":"栃木県","city":"真岡市","area":"京泉"},"3214411":{"prefecture":"栃木県","city":"真岡市","area":"上大田和"},"3214412":{"prefecture":"栃木県","city":"真岡市","area":"堀内"},"3214413":{"prefecture":"栃木県","city":"真岡市","area":"下大田和"},"3214414":{"prefecture":"栃木県","city":"真岡市","area":"下鷺谷"},"3214415":{"prefecture":"栃木県","city":"真岡市","area":"下籠谷"},"3214416":{"prefecture":"栃木県","city":"真岡市","area":"上鷺谷"},"3214501":{"prefecture":"栃木県","city":"真岡市","area":"横田"},"3214502":{"prefecture":"栃木県","city":"真岡市","area":"物井"},"3214503":{"prefecture":"栃木県","city":"真岡市","area":"桑ノ川"},"3214504":{"prefecture":"栃木県","city":"真岡市","area":"鹿"},"3214505":{"prefecture":"栃木県","city":"真岡市","area":"沖"},"3214506":{"prefecture":"栃木県","city":"真岡市","area":"大根田"},"3214507":{"prefecture":"栃木県","city":"真岡市","area":"石島"},"3214508":{"prefecture":"栃木県","city":"真岡市","area":"大和田"},"3214511":{"prefecture":"栃木県","city":"真岡市","area":"高田"},"3214512":{"prefecture":"栃木県","city":"真岡市","area":"阿部岡"},"3214513":{"prefecture":"栃木県","city":"真岡市","area":"三谷"},"3214514":{"prefecture":"栃木県","city":"真岡市","area":"水戸部"},"3214515":{"prefecture":"栃木県","city":"真岡市","area":"反町"},"3214516":{"prefecture":"栃木県","city":"真岡市","area":"根小屋"},"3214517":{"prefecture":"栃木県","city":"真岡市","area":"阿部品"},"3214521":{"prefecture":"栃木県","city":"真岡市","area":"久下田"},"3214522":{"prefecture":"栃木県","city":"真岡市","area":"久下田西"},"3214523":{"prefecture":"栃木県","city":"真岡市","area":"さくら"},"3214531":{"prefecture":"栃木県","city":"真岡市","area":"青田"},"3214532":{"prefecture":"栃木県","city":"真岡市","area":"長島"},"3214533":{"prefecture":"栃木県","city":"真岡市","area":"程島"},"3214534":{"prefecture":"栃木県","city":"真岡市","area":"境"},"3214535":{"prefecture":"栃木県","city":"真岡市","area":"古山"},"3214536":{"prefecture":"栃木県","city":"真岡市","area":"上江連"},"3214537":{"prefecture":"栃木県","city":"真岡市","area":"西大島"},"3214538":{"prefecture":"栃木県","city":"真岡市","area":"鷲巣"},"3214539":{"prefecture":"栃木県","city":"真岡市","area":"長沼"},"3214541":{"prefecture":"栃木県","city":"真岡市","area":"上谷貝"},"3214542":{"prefecture":"栃木県","city":"真岡市","area":"上大曽"},"3214543":{"prefecture":"栃木県","city":"真岡市","area":"下大曽"},"3214544":{"prefecture":"栃木県","city":"真岡市","area":"堀込"},"3214545":{"prefecture":"栃木県","city":"真岡市","area":"大道泉"},"3214546":{"prefecture":"栃木県","city":"真岡市","area":"砂ケ原"},"3214547":{"prefecture":"栃木県","city":"真岡市","area":"谷貝新田"},"3214551":{"prefecture":"栃木県","city":"真岡市","area":"若旅（五丁歩）"}}