{"3990000":{"prefecture":"長野県","city":"松本市","area":""},"3990001":{"prefecture":"長野県","city":"松本市","area":"宮田"},"3990002":{"prefecture":"長野県","city":"松本市","area":"芳野"},"3990004":{"prefecture":"長野県","city":"松本市","area":"市場"},"3990005":{"prefecture":"長野県","city":"松本市","area":"野溝木工"},"3990006":{"prefecture":"長野県","city":"松本市","area":"野溝西"},"3990007":{"prefecture":"長野県","city":"松本市","area":"石芝（３、４丁目）"},"3990011":{"prefecture":"長野県","city":"松本市","area":"寿北"},"3990012":{"prefecture":"長野県","city":"松本市","area":"寿白瀬渕"},"3990014":{"prefecture":"長野県","city":"松本市","area":"平田東"},"3990015":{"prefecture":"長野県","city":"松本市","area":"平田西"},"3990021":{"prefecture":"長野県","city":"松本市","area":"寿豊丘"},"3990022":{"prefecture":"長野県","city":"松本市","area":"松原"},"3990023":{"prefecture":"長野県","city":"松本市","area":"内田"},"3990024":{"prefecture":"長野県","city":"松本市","area":"寿小赤"},"3990025":{"prefecture":"長野県","city":"松本市","area":"寿台"},"3990026":{"prefecture":"長野県","city":"松本市","area":"寿中"},"3990027":{"prefecture":"長野県","city":"松本市","area":"寿南"},"3990033":{"prefecture":"長野県","city":"松本市","area":"笹賀"},"3990034":{"prefecture":"長野県","city":"松本市","area":"野溝東"},"3990035":{"prefecture":"長野県","city":"松本市","area":"村井町北"},"3990036":{"prefecture":"長野県","city":"松本市","area":"村井町南"},"3990037":{"prefecture":"長野県","city":"松本市","area":"村井町西"},"3990038":{"prefecture":"長野県","city":"松本市","area":"小屋南"},"3990039":{"prefecture":"長野県","city":"松本市","area":"小屋北"},"3990071":{"prefecture":"長野県","city":"塩尻市","area":"片丘（３６３５、３６８０、５７９４、６１１４番地）"},"3990101":{"prefecture":"長野県","city":"諏訪郡富士見町","area":"境"},"3990102":{"prefecture":"長野県","city":"諏訪郡富士見町","area":"落合（３０６０、３６００～４６００番地）"},"3990200":{"prefecture":"長野県","city":"諏訪郡富士見町","area":""},"3990211":{"prefecture":"長野県","city":"諏訪郡富士見町","area":"富士見（その他）"},"3990212":{"prefecture":"長野県","city":"諏訪郡富士見町","area":"立沢"},"3990213":{"prefecture":"長野県","city":"諏訪郡富士見町","area":"乙事"},"3990214":{"prefecture":"長野県","city":"諏訪郡富士見町","area":"落合（その他）"},"3990400":{"prefecture":"長野県","city":"上伊那郡辰野町","area":""},"3990421":{"prefecture":"長野県","city":"上伊那郡辰野町","area":"辰野"},"3990422":{"prefecture":"長野県","city":"上伊那郡辰野町","area":"平出"},"3990423":{"prefecture":"長野県","city":"上伊那郡辰野町","area":"沢底"},"3990424":{"prefecture":"長野県","city":"上伊那郡辰野町","area":"赤羽"},"3990425":{"prefecture":"長野県","city":"上伊那郡辰野町","area":"樋口"},"3990426":{"prefecture":"長野県","city":"上伊那郡辰野町","area":"宮木"},"3990427":{"prefecture":"長野県","city":"上伊那郡辰野町","area":"中央"},"3990428":{"prefecture":"長野県","city":"上伊那郡辰野町","area":"伊那富"},"3990511":{"prefecture":"長野県","city":"上伊那郡辰野町","area":"横川"},"3990512":{"prefecture":"長野県","city":"上伊那郡辰野町","area":"上島"},"3990601":{"prefecture":"長野県","city":"上伊那郡辰野町","area":"小野"},"3990651":{"prefecture":"長野県","city":"塩尻市","area":"北小野"},"3990700":{"prefecture":"長野県","city":"塩尻市","area":""},"3990701":{"prefecture":"長野県","city":"塩尻市","area":"広丘吉田"},"3990702":{"prefecture":"長野県","city":"塩尻市","area":"広丘野村"},"3990703":{"prefecture":"長野県","city":"塩尻市","area":"広丘高出"},"3990704":{"prefecture":"長野県","city":"塩尻市","area":"広丘郷原"},"3990705":{"prefecture":"長野県","city":"塩尻市","area":"広丘堅石"},"3990706":{"prefecture":"長野県","city":"塩尻市","area":"広丘原新田"},"3990711":{"prefecture":"長野県","city":"塩尻市","area":"片丘（その他）"},"3990712":{"prefecture":"長野県","city":"塩尻市","area":"塩尻町"},"3990713":{"prefecture":"長野県","city":"塩尻市","area":"大小屋"},"3990714":{"prefecture":"長野県","city":"塩尻市","area":"堀ノ内"},"3990715":{"prefecture":"長野県","city":"塩尻市","area":"長畝"},"3990716":{"prefecture":"長野県","city":"塩尻市","area":"桟敷"},"3990721":{"prefecture":"長野県","city":"塩尻市","area":"金井"},"3990722":{"prefecture":"長野県","city":"塩尻市","area":"柿沢"},"3990723":{"prefecture":"長野県","city":"塩尻市","area":"旧塩尻"},"3990724":{"prefecture":"長野県","city":"塩尻市","area":"上西条"},"3990725":{"prefecture":"長野県","city":"塩尻市","area":"中西条"},"3990726":{"prefecture":"長野県","city":"塩尻市","area":"下西条"},"3990727":{"prefecture":"長野県","city":"塩尻市","area":"みどり湖"},"3990728":{"prefecture":"長野県","city":"塩尻市","area":"峰原"},"3990731":{"prefecture":"長野県","city":"塩尻市","area":"大門六番町"},"3990732":{"prefecture":"長野県","city":"塩尻市","area":"大門五番町"},"3990733":{"prefecture":"長野県","city":"塩尻市","area":"大門三番町"},"3990734":{"prefecture":"長野県","city":"塩尻市","area":"大門四番町"},"3990735":{"prefecture":"長野県","city":"塩尻市","area":"大門二番町"},"3990736":{"prefecture":"長野県","city":"塩尻市","area":"大門一番町"},"3990737":{"prefecture":"長野県","city":"塩尻市","area":"大門八番町"},"3990738":{"prefecture":"長野県","city":"塩尻市","area":"大門七番町"},"3990741":{"prefecture":"長野県","city":"塩尻市","area":"大門幸町"},"3990742":{"prefecture":"長野県","city":"塩尻市","area":"大門泉町"},"3990743":{"prefecture":"長野県","city":"塩尻市","area":"大門田川町"},"3990744":{"prefecture":"長野県","city":"塩尻市","area":"大門（番地）"},"3990745":{"prefecture":"長野県","city":"塩尻市","area":"大門桔梗町"},"3990746":{"prefecture":"長野県","city":"塩尻市","area":"大門並木町"},"3991200":{"prefecture":"長野県","city":"下伊那郡天龍村","area":""},"3991201":{"prefecture":"長野県","city":"下伊那郡天龍村","area":"平岡"},"3991202":{"prefecture":"長野県","city":"下伊那郡天龍村","area":"神原"},"3991203":{"prefecture":"長野県","city":"下伊那郡天龍村","area":"長島"},"3991221":{"prefecture":"長野県","city":"飯田市","area":"南信濃南和田（万古）"},"3991311":{"prefecture":"長野県","city":"飯田市","area":"南信濃和田"},"3991312":{"prefecture":"長野県","city":"飯田市","area":"南信濃八重河内"},"3991313":{"prefecture":"長野県","city":"飯田市","area":"南信濃南和田（その他）"},"3991401":{"prefecture":"長野県","city":"飯田市","area":"南信濃木沢"},"3991403":{"prefecture":"長野県","city":"飯田市","area":"上村"},"3991500":{"prefecture":"長野県","city":"下伊那郡阿南町","area":""},"3991501":{"prefecture":"長野県","city":"下伊那郡阿南町","area":"北條"},"3991502":{"prefecture":"長野県","city":"下伊那郡阿南町","area":"東條"},"3991503":{"prefecture":"長野県","city":"下伊那郡阿南町","area":"南條"},"3991504":{"prefecture":"長野県","city":"下伊那郡阿南町","area":"西條"},"3991505":{"prefecture":"長野県","city":"下伊那郡阿南町","area":"富草"},"3991601":{"prefecture":"長野県","city":"下伊那郡売木村","area":"売木村一円"},"3991611":{"prefecture":"長野県","city":"下伊那郡阿南町","area":"和合"},"3991612":{"prefecture":"長野県","city":"下伊那郡阿南町","area":"新野"},"3991801":{"prefecture":"長野県","city":"下伊那郡泰阜村","area":"泰阜村一円"},"3992100":{"prefecture":"長野県","city":"下伊那郡下條村","area":""},"3992101":{"prefecture":"長野県","city":"下伊那郡下條村","area":"睦沢"},"3992102":{"prefecture":"長野県","city":"下伊那郡下條村","area":"陽皐"},"3992221":{"prefecture":"長野県","city":"飯田市","area":"龍江"},"3992222":{"prefecture":"長野県","city":"飯田市","area":"千代"},"3992223":{"prefecture":"長野県","city":"飯田市","area":"千栄"},"3992431":{"prefecture":"長野県","city":"飯田市","area":"川路"},"3992432":{"prefecture":"長野県","city":"飯田市","area":"下瀬"},"3992433":{"prefecture":"長野県","city":"飯田市","area":"立石"},"3992434":{"prefecture":"長野県","city":"飯田市","area":"伊豆木"},"3992561":{"prefecture":"長野県","city":"飯田市","area":"駄科"},"3992562":{"prefecture":"長野県","city":"飯田市","area":"長野原"},"3992563":{"prefecture":"長野県","city":"飯田市","area":"時又"},"3992564":{"prefecture":"長野県","city":"飯田市","area":"上川路"},"3992565":{"prefecture":"長野県","city":"飯田市","area":"桐林"},"3992566":{"prefecture":"長野県","city":"飯田市","area":"嶋"},"3992601":{"prefecture":"長野県","city":"飯田市","area":"虎岩"},"3992602":{"prefecture":"長野県","city":"飯田市","area":"下久堅下虎岩"},"3992603":{"prefecture":"長野県","city":"飯田市","area":"下久堅知久平"},"3992604":{"prefecture":"長野県","city":"飯田市","area":"下久堅柿野沢"},"3992605":{"prefecture":"長野県","city":"飯田市","area":"下久堅小林"},"3992606":{"prefecture":"長野県","city":"飯田市","area":"下久堅稲葉"},"3992607":{"prefecture":"長野県","city":"飯田市","area":"下久堅南原"},"3992611":{"prefecture":"長野県","city":"飯田市","area":"上久堅"},"3992612":{"prefecture":"長野県","city":"飯田市","area":"上久堅戊"},"3993100":{"prefecture":"長野県","city":"下伊那郡高森町","area":""},"3993101":{"prefecture":"長野県","city":"下伊那郡高森町","area":"山吹"},"3993102":{"prefecture":"長野県","city":"下伊那郡高森町","area":"吉田"},"3993103":{"prefecture":"長野県","city":"下伊那郡高森町","area":"下市田"},"3993104":{"prefecture":"長野県","city":"下伊那郡高森町","area":"上市田"},"3993105":{"prefecture":"長野県","city":"下伊那郡高森町","area":"牛牧"},"3993106":{"prefecture":"長野県","city":"下伊那郡高森町","area":"大島山"},"3993107":{"prefecture":"長野県","city":"下伊那郡高森町","area":"出原"},"3993200":{"prefecture":"長野県","city":"下伊那郡豊丘村","area":""},"3993201":{"prefecture":"長野県","city":"下伊那郡豊丘村","area":"河野（その他）"},"3993202":{"prefecture":"長野県","city":"下伊那郡豊丘村","area":"神稲"},"3993300":{"prefecture":"長野県","city":"下伊那郡松川町","area":""},"3993301":{"prefecture":"長野県","city":"下伊那郡松川町","area":"上片桐"},"3993302":{"prefecture":"長野県","city":"下伊那郡松川町","area":"生田"},"3993303":{"prefecture":"長野県","city":"下伊那郡松川町","area":"元大島"},"3993304":{"prefecture":"長野県","city":"下伊那郡松川町","area":"大島"},"3993311":{"prefecture":"長野県","city":"下伊那郡豊丘村","area":"河野（７５３０～７５９０番地）"},"3993500":{"prefecture":"長野県","city":"下伊那郡大鹿村","area":""},"3993501":{"prefecture":"長野県","city":"下伊那郡大鹿村","area":"鹿塩"},"3993502":{"prefecture":"長野県","city":"下伊那郡大鹿村","area":"大河原"},"3993700":{"prefecture":"長野県","city":"上伊那郡飯島町","area":""},"3993701":{"prefecture":"長野県","city":"上伊那郡飯島町","area":"田切"},"3993702":{"prefecture":"長野県","city":"上伊那郡飯島町","area":"飯島"},"3993703":{"prefecture":"長野県","city":"上伊那郡飯島町","area":"日曽利"},"3993704":{"prefecture":"長野県","city":"上伊那郡飯島町","area":"本郷"},"3993705":{"prefecture":"長野県","city":"上伊那郡飯島町","area":"七久保"},"3993800":{"prefecture":"長野県","city":"上伊那郡中川村","area":""},"3993801":{"prefecture":"長野県","city":"上伊那郡中川村","area":"大草"},"3993802":{"prefecture":"長野県","city":"上伊那郡中川村","area":"片桐"},"3993803":{"prefecture":"長野県","city":"上伊那郡中川村","area":"葛島"},"3993804":{"prefecture":"長野県","city":"上伊那郡中川村","area":"四徳"},"3994100":{"prefecture":"長野県","city":"駒ヶ根市","area":""},"3994101":{"prefecture":"長野県","city":"駒ヶ根市","area":"下平（その他）"},"3994102":{"prefecture":"長野県","city":"駒ヶ根市","area":"飯坂"},"3994103":{"prefecture":"長野県","city":"駒ヶ根市","area":"梨の木"},"3994104":{"prefecture":"長野県","city":"駒ヶ根市","area":"経塚"},"3994105":{"prefecture":"長野県","city":"駒ヶ根市","area":"赤須東"},"3994106":{"prefecture":"長野県","city":"駒ヶ根市","area":"東町"},"3994107":{"prefecture":"長野県","city":"駒ヶ根市","area":"南田"},"3994108":{"prefecture":"長野県","city":"駒ヶ根市","area":"下市場"},"3994111":{"prefecture":"長野県","city":"駒ヶ根市","area":"北町"},"3994112":{"prefecture":"長野県","city":"駒ヶ根市","area":"中央"},"3994113":{"prefecture":"長野県","city":"駒ヶ根市","area":"赤須町"},"3994114":{"prefecture":"長野県","city":"駒ヶ根市","area":"上穂南"},"3994115":{"prefecture":"長野県","city":"駒ヶ根市","area":"上穂栄町"},"3994116":{"prefecture":"長野県","city":"駒ヶ根市","area":"上穂北"},"3994117":{"prefecture":"長野県","city":"駒ヶ根市","area":"赤穂"},"3994231":{"prefecture":"長野県","city":"駒ヶ根市","area":"中沢"},"3994232":{"prefecture":"長野県","city":"駒ヶ根市","area":"、２４３３～２４５０）"},"3994301":{"prefecture":"長野県","city":"上伊那郡宮田村","area":"宮田村一円"},"3994321":{"prefecture":"長野県","city":"駒ヶ根市","area":"東伊那"},"3994431":{"prefecture":"長野県","city":"伊那市","area":"西春近"},"3994432":{"prefecture":"長野県","city":"伊那市","area":"東春近"},"3994501":{"prefecture":"長野県","city":"伊那市","area":"西箕輪"},"3994511":{"prefecture":"長野県","city":"上伊那郡南箕輪村","area":"南箕輪村一円"},"3994600":{"prefecture":"長野県","city":"上伊那郡箕輪町","area":""},"3994601":{"prefecture":"長野県","city":"上伊那郡箕輪町","area":"中箕輪"},"3994602":{"prefecture":"長野県","city":"上伊那郡箕輪町","area":"東箕輪"},"3994603":{"prefecture":"長野県","city":"上伊那郡箕輪町","area":"三日町"},"3994604":{"prefecture":"長野県","city":"上伊那郡箕輪町","area":"福与"},"3994605":{"prefecture":"長野県","city":"上伊那郡箕輪町","area":"中曽根"},"3995300":{"prefecture":"長野県","city":"木曽郡南木曽町","area":""},"3995301":{"prefecture":"長野県","city":"木曽郡南木曽町","area":"読書"},"3995302":{"prefecture":"長野県","city":"木曽郡南木曽町","area":"吾妻"},"3995303":{"prefecture":"長野県","city":"木曽郡南木曽町","area":"田立"},"3995500":{"prefecture":"長野県","city":"木曽郡大桑村","area":""},"3995501":{"prefecture":"長野県","city":"木曽郡大桑村","area":"殿"},"3995502":{"prefecture":"長野県","city":"木曽郡大桑村","area":"須原"},"3995503":{"prefecture":"長野県","city":"木曽郡大桑村","area":"長野"},"3995504":{"prefecture":"長野県","city":"木曽郡大桑村","area":"野尻"},"3995600":{"prefecture":"長野県","city":"木曽郡上松町","area":""},"3995601":{"prefecture":"長野県","city":"木曽郡上松町","area":"上松"},"3995602":{"prefecture":"長野県","city":"木曽郡上松町","area":"本町通り"},"3995603":{"prefecture":"長野県","city":"木曽郡上松町","area":"駅前通り"},"3995604":{"prefecture":"長野県","city":"木曽郡上松町","area":"正島町"},"3995605":{"prefecture":"長野県","city":"木曽郡上松町","area":"栄町"},"3995606":{"prefecture":"長野県","city":"木曽郡上松町","area":"緑町"},"3995607":{"prefecture":"長野県","city":"木曽郡上松町","area":"小川"},"3995608":{"prefecture":"長野県","city":"木曽郡上松町","area":"荻原"},"3995609":{"prefecture":"長野県","city":"木曽郡上松町","area":"旭町"},"3996101":{"prefecture":"長野県","city":"木曽郡木曽町","area":"日義"},"3996200":{"prefecture":"長野県","city":"木曽郡木祖村","area":""},"3996201":{"prefecture":"長野県","city":"木曽郡木祖村","area":"薮原"},"3996202":{"prefecture":"長野県","city":"木曽郡木祖村","area":"菅"},"3996203":{"prefecture":"長野県","city":"木曽郡木祖村","area":"小木曽"},"3996301":{"prefecture":"長野県","city":"塩尻市","area":"贄川"},"3996302":{"prefecture":"長野県","city":"塩尻市","area":"木曽平沢"},"3996303":{"prefecture":"長野県","city":"塩尻市","area":"奈良井"},"3996461":{"prefecture":"長野県","city":"塩尻市","area":"宗賀"},"3996462":{"prefecture":"長野県","city":"塩尻市","area":"洗馬"},"3997101":{"prefecture":"長野県","city":"安曇野市","area":"明科東川手"},"3997102":{"prefecture":"長野県","city":"安曇野市","area":"明科中川手"},"3997103":{"prefecture":"長野県","city":"安曇野市","area":"明科光"},"3997104":{"prefecture":"長野県","city":"安曇野市","area":"明科七貴"},"3997105":{"prefecture":"長野県","city":"安曇野市","area":"明科南陸郷"},"3997200":{"prefecture":"長野県","city":"東筑摩郡生坂村","area":""},"3997201":{"prefecture":"長野県","city":"東筑摩郡生坂村","area":"生坂村の次に番地がくる場合"},"3997202":{"prefecture":"長野県","city":"東筑摩郡生坂村","area":"北陸郷"},"3997301":{"prefecture":"長野県","city":"大町市","area":"八坂"},"3997302":{"prefecture":"長野県","city":"大町市","area":"八坂菖蒲"},"3997311":{"prefecture":"長野県","city":"東筑摩郡生坂村","area":"東広津"},"3997401":{"prefecture":"長野県","city":"松本市","area":"五常"},"3997402":{"prefecture":"長野県","city":"松本市","area":"会田"},"3997403":{"prefecture":"長野県","city":"松本市","area":"穴沢"},"3997404":{"prefecture":"長野県","city":"松本市","area":"取出"},"3997405":{"prefecture":"長野県","city":"松本市","area":"板場"},"3997411":{"prefecture":"長野県","city":"松本市","area":"中川"},"3997412":{"prefecture":"長野県","city":"松本市","area":"保福寺町"},"3997413":{"prefecture":"長野県","city":"松本市","area":"金山町"},"3997414":{"prefecture":"長野県","city":"松本市","area":"殿野入"},"3997415":{"prefecture":"長野県","city":"松本市","area":"赤怒田"},"3997416":{"prefecture":"長野県","city":"松本市","area":"七嵐"},"3997417":{"prefecture":"長野県","city":"松本市","area":"刈谷原町"},"3997418":{"prefecture":"長野県","city":"松本市","area":"反町"},"3997500":{"prefecture":"長野県","city":"東筑摩郡筑北村","area":""},"3997501":{"prefecture":"長野県","city":"東筑摩郡筑北村","area":"西条"},"3997502":{"prefecture":"長野県","city":"東筑摩郡筑北村","area":"東条"},"3997503":{"prefecture":"長野県","city":"東筑摩郡筑北村","area":"大沢新田"},"3997504":{"prefecture":"長野県","city":"東筑摩郡筑北村","area":"乱橋"},"3997601":{"prefecture":"長野県","city":"東筑摩郡筑北村","area":"坂北"},"3997700":{"prefecture":"長野県","city":"東筑摩郡麻績村","area":""},"3997701":{"prefecture":"長野県","city":"東筑摩郡麻績村","area":"麻"},"3997702":{"prefecture":"長野県","city":"東筑摩郡麻績村","area":"日"},"3997711":{"prefecture":"長野県","city":"東筑摩郡筑北村","area":"坂井"},"3998101":{"prefecture":"長野県","city":"安曇野市","area":"三郷明盛"},"3998102":{"prefecture":"長野県","city":"安曇野市","area":"三郷温"},"3998103":{"prefecture":"長野県","city":"安曇野市","area":"三郷小倉"},"3998200":{"prefecture":"長野県","city":"安曇野市","area":""},"3998201":{"prefecture":"長野県","city":"安曇野市","area":"豊科南穂高"},"3998202":{"prefecture":"長野県","city":"安曇野市","area":"豊科光"},"3998203":{"prefecture":"長野県","city":"安曇野市","area":"豊科田沢"},"3998204":{"prefecture":"長野県","city":"安曇野市","area":"豊科高家"},"3998205":{"prefecture":"長野県","city":"安曇野市","area":"豊科"},"3998211":{"prefecture":"長野県","city":"安曇野市","area":"堀金烏川"},"3998212":{"prefecture":"長野県","city":"安曇野市","area":"堀金三田"},"3998251":{"prefecture":"長野県","city":"松本市","area":"島内（９８２０、９８２１、９８２３～９８３０、９８６４番地以上）"},"3998301":{"prefecture":"長野県","city":"安曇野市","area":"穂高有明"},"3998302":{"prefecture":"長野県","city":"安曇野市","area":"穂高北穂高"},"3998303":{"prefecture":"長野県","city":"安曇野市","area":"穂高"},"3998304":{"prefecture":"長野県","city":"安曇野市","area":"穂高柏原"},"3998305":{"prefecture":"長野県","city":"安曇野市","area":"穂高牧"},"3998501":{"prefecture":"長野県","city":"北安曇郡松川村","area":"松川村一円"},"3998600":{"prefecture":"長野県","city":"北安曇郡池田町","area":""},"3998601":{"prefecture":"長野県","city":"北安曇郡池田町","area":"池田"},"3998602":{"prefecture":"長野県","city":"北安曇郡池田町","area":"会染"},"3998603":{"prefecture":"長野県","city":"北安曇郡池田町","area":"中鵜"},"3998604":{"prefecture":"長野県","city":"北安曇郡池田町","area":"広津"},"3998605":{"prefecture":"長野県","city":"北安曇郡池田町","area":"陸郷"},"3999101":{"prefecture":"長野県","city":"大町市","area":"美麻"},"3999211":{"prefecture":"長野県","city":"北安曇郡白馬村","area":"神城"},"3999300":{"prefecture":"長野県","city":"北安曇郡白馬村","area":""},"3999301":{"prefecture":"長野県","city":"北安曇郡白馬村","area":"北城"},"3999400":{"prefecture":"長野県","city":"北安曇郡小谷村","area":""},"3999421":{"prefecture":"長野県","city":"北安曇郡小谷村","area":"中小谷丙"},"3999422":{"prefecture":"長野県","city":"北安曇郡小谷村","area":"千国乙"},"3999511":{"prefecture":"長野県","city":"北安曇郡小谷村","area":"中土"},"3999601":{"prefecture":"長野県","city":"北安曇郡小谷村","area":"北小谷"}}