{"3250000":[{"prefecture":"栃木県","city":"那須塩原市","area":""}],"3250001":[{"prefecture":"栃木県","city":"那須郡那須町","area":"高久甲（その他）"}],"3250002":[{"prefecture":"栃木県","city":"那須郡那須町","area":"高久丙（穂積、山梨子）"}],"3250003":[{"prefecture":"栃木県","city":"那須郡那須町","area":"寺子乙（７２０番地）"}],"3250011":[{"prefecture":"栃木県","city":"那須塩原市","area":"寺子"}],"3250012":[{"prefecture":"栃木県","city":"那須塩原市","area":"越堀"}],"3250013":[{"prefecture":"栃木県","city":"那須塩原市","area":"鍋掛"}],"3250014":[{"prefecture":"栃木県","city":"那須塩原市","area":"野間"}],"3250015":[{"prefecture":"栃木県","city":"那須塩原市","area":"原町"}],"3250016":[{"prefecture":"栃木県","city":"那須塩原市","area":"東栄"}],"3250017":[{"prefecture":"栃木県","city":"那須塩原市","area":"黒磯"}],"3250021":[{"prefecture":"栃木県","city":"那須塩原市","area":"安藤町"}],"3250022":[{"prefecture":"栃木県","city":"那須塩原市","area":"東豊浦"}],"3250023":[{"prefecture":"栃木県","city":"那須塩原市","area":"豊浦"}],"3250024":[{"prefecture":"栃木県","city":"那須塩原市","area":"渡辺"}],"3250025":[{"prefecture":"栃木県","city":"那須塩原市","area":"下厚崎"}],"3250026":[{"prefecture":"栃木県","city":"那須塩原市","area":"上厚崎"}],"3250027":[{"prefecture":"栃木県","city":"那須塩原市","area":"共墾社"}],"3250031":[{"prefecture":"栃木県","city":"那須塩原市","area":"並木町"}],"3250032":[{"prefecture":"栃木県","city":"那須塩原市","area":"若草町"}],"3250033":[{"prefecture":"栃木県","city":"那須塩原市","area":"埼玉"}],"3250034":[{"prefecture":"栃木県","city":"那須塩原市","area":"東原"}],"3250035":[{"prefecture":"栃木県","city":"那須塩原市","area":"小結"}],"3250036":[{"prefecture":"栃木県","city":"那須塩原市","area":"鳥野目"}],"3250037":[{"prefecture":"栃木県","city":"那須塩原市","area":"美原町"}],"3250038":[{"prefecture":"栃木県","city":"那須塩原市","area":"豊浦北町"}],"3250039":[{"prefecture":"栃木県","city":"那須塩原市","area":"北栄町"}],"3250041":[{"prefecture":"栃木県","city":"那須塩原市","area":"東大和町"}],"3250042":[{"prefecture":"栃木県","city":"那須塩原市","area":"桜町"}],"3250043":[{"prefecture":"栃木県","city":"那須塩原市","area":"橋本町"}],"3250044":[{"prefecture":"栃木県","city":"那須塩原市","area":"弥生町"}],"3250045":[{"prefecture":"栃木県","city":"那須塩原市","area":"高砂町"}],"3250046":[{"prefecture":"栃木県","city":"那須塩原市","area":"大黒町"}],"3250047":[{"prefecture":"栃木県","city":"那須塩原市","area":"若葉町"}],"3250048":[{"prefecture":"栃木県","city":"那須塩原市","area":"材木町"}],"3250051":[{"prefecture":"栃木県","city":"那須塩原市","area":"豊町"}],"3250052":[{"prefecture":"栃木県","city":"那須塩原市","area":"中央町"}],"3250053":[{"prefecture":"栃木県","city":"那須塩原市","area":"本郷町"}],"3250054":[{"prefecture":"栃木県","city":"那須塩原市","area":"新朝日"}],"3250055":[{"prefecture":"栃木県","city":"那須塩原市","area":"宮町"}],"3250056":[{"prefecture":"栃木県","city":"那須塩原市","area":"本町"}],"3250057":[{"prefecture":"栃木県","city":"那須塩原市","area":"黒磯幸町"}],"3250058":[{"prefecture":"栃木県","city":"那須塩原市","area":"錦町"}],"3250061":[{"prefecture":"栃木県","city":"那須塩原市","area":"末広町"}],"3250062":[{"prefecture":"栃木県","city":"那須塩原市","area":"住吉町"}],"3250063":[{"prefecture":"栃木県","city":"那須塩原市","area":"豊浦中町"}],"3250064":[{"prefecture":"栃木県","city":"那須塩原市","area":"豊浦町"}],"3250065":[{"prefecture":"栃木県","city":"那須塩原市","area":"豊浦南町"}],"3250066":[{"prefecture":"栃木県","city":"那須塩原市","area":"新緑町"}],"3250067":[{"prefecture":"栃木県","city":"那須塩原市","area":"清住町"}],"3250071":[{"prefecture":"栃木県","city":"那須塩原市","area":"新町"}],"3250072":[{"prefecture":"栃木県","city":"那須塩原市","area":"豊住町"}],"3250073":[{"prefecture":"栃木県","city":"那須塩原市","area":"阿波町"}],"3250074":[{"prefecture":"栃木県","city":"那須塩原市","area":"松浦町"}],"3250075":[{"prefecture":"栃木県","city":"那須塩原市","area":"春日町"}],"3250076":[{"prefecture":"栃木県","city":"那須塩原市","area":"西新町"}],"3250101":[{"prefecture":"栃木県","city":"那須塩原市","area":"西岩崎"}],"3250102":[{"prefecture":"栃木県","city":"那須塩原市","area":"亀山"}],"3250103":[{"prefecture":"栃木県","city":"那須塩原市","area":"青木"}],"3250104":[{"prefecture":"栃木県","city":"那須塩原市","area":"鹿野崎新田"}],"3250105":[{"prefecture":"栃木県","city":"那須塩原市","area":"箕輪"}],"3250106":[{"prefecture":"栃木県","city":"那須塩原市","area":"洞島"}],"3250107":[{"prefecture":"栃木県","city":"那須塩原市","area":"高林"}],"3250108":[{"prefecture":"栃木県","city":"那須塩原市","area":"箭坪"}],"3250111":[{"prefecture":"栃木県","city":"那須塩原市","area":"板室"}],"3250112":[{"prefecture":"栃木県","city":"那須塩原市","area":"油井"}],"3250113":[{"prefecture":"栃木県","city":"那須塩原市","area":"細竹"}],"3250114":[{"prefecture":"栃木県","city":"那須塩原市","area":"戸田"}],"3250115":[{"prefecture":"栃木県","city":"那須塩原市","area":"百村"}],"3250116":[{"prefecture":"栃木県","city":"那須塩原市","area":"木綿畑"}],"3250117":[{"prefecture":"栃木県","city":"那須塩原市","area":"湯宮"}],"3250118":[{"prefecture":"栃木県","city":"那須塩原市","area":"鴫内"}],"3250301":[{"prefecture":"栃木県","city":"那須郡那須町","area":"湯本"}],"3250302":[{"prefecture":"栃木県","city":"那須郡那須町","area":"高久丙（その他）"}],"3250303":[{"prefecture":"栃木県","city":"那須郡那須町","area":"高久乙"}],"3250304":[{"prefecture":"栃木県","city":"那須郡那須町","area":"高久甲（２８８８、５２５６～６１４０、６３２８、６４３７）"}]}